<application>
  <component name="com.intellij.ide.ui.customization.CustomActionsSchema">
    <group value="Back" is_action="true" action_type="1" position="1">
      <path value="root" />
      <path value="Main Toolbar" />
      <path value="Left" />
      <path value="General Actions" />
    </group>
    <group value="Forward" is_action="true" action_type="1" position="2">
      <path value="root" />
      <path value="Main Toolbar" />
      <path value="Left" />
      <path value="General Actions" />
    </group>
    <group value="GoToMenu" is_group="true" forse_popup="true" action_type="1" position="5">
      <path value="root" />
      <path value="Main Toolbar" />
      <path value="Left" />
    </group>
    <action id="ViewToolBar" icon="jar:file:/Users/micha/Library/Application%20Support/JetBrains/Toolbox/apps/IDEA-U/ch-0/223.7571.182/IntelliJ%20IDEA.app/Contents/lib/app.jar!/expui/toolbar/unknown.svg" />
    <action id="GoToMenu" icon="jar:file:/Users/micha/Library/Application%20Support/JetBrains/Toolbox/apps/IDEA-U/ch-0/233.14475.28/IntelliJ%20IDEA.app/Contents/lib/app-client.jar!/expui/toolbar/unknown.svg" />
  </component>
</application>