<application>
  <component name="CodeVisionSettings">
    <option name="defaultPosition" value="Right" />
    <option name="disabledCodeVisionProviderIds">
      <set>
        <option value="references" />
      </set>
    </option>
    <option name="enabled" value="false" />
  </component>
  <component name="DaemonCodeAnalyzerSettings">
    <option name="AUTOREPARSE_DELAY" value="0" />
  </component>
  <component name="DeclarativeInlayHintsSettings">
    <option name="providerIdToEnabled">
      <map>
        <entry key="LSPInlayHintsProvider" value="false" />
        <entry key="js.type.hints" value="false" />
      </map>
    </option>
  </component>
  <component name="EditorSettings">
    <option name="languageStickyLines">
      <map>
        <entry key="JSON" value="false" />
      </map>
    </option>
    <option name="USE_SOFT_WRAPS" value="CONSOLE" />
    <option name="IS_BLOCK_CURSOR" value="true" />
    <option name="IS_FULL_LINE_HEIGHT_CURSOR" value="true" />
  </component>
  <component name="InlayHintsSettings">
    <option name="disabledHintProviderIds">
      <set>
        <option value="JavaScript.js.type.hints" />
        <option value="Rust.rust.type.hints" />
      </set>
    </option>
  </component>
</application>