<application>
  <component name="FileTypeManager" version="19">
    <extensionMap>
      <mapping pattern="LICENSE" type="AUTO_DETECTED" />
      <mapping pattern="inbox" type="AUTO_DETECTED" />
      <mapping pattern="06-07.conf" type="HOCON" />
      <mapping ext="heex" type="HTML" />
      <mapping ext="swagger" type="JSON" />
      <mapping pattern=".tool-versions" type="PLAIN_TEXT" />
      <mapping ext="woff" type="PLAIN_TEXT" />
      <mapping ext="crt" type="PLAIN_TEXT" />
      <removed_mapping ext="apk" approved="true" type="ARCHIVE" />
      <removed_mapping ext="pdf" approved="true" type="Native" />
      <removed_mapping ext="psd" approved="true" type="Image" />
      <removed_mapping ext="rs" approved="true" type="Android RenderScript" />
      <removed_mapping pattern=".analysis_options" approved="true" type="YAML" />
      <removed_mapping pattern="index.html.heex" approved="true" type="HTML" />
      <removed_mapping pattern="pubspec.lock" approved="true" type="YAML" />
    </extensionMap>
  </component>
</application>