<application>
  <component name="ProjectJdkTable">
    <jdk version="2">
      <name value="Erlang for Elixir 26" />
      <type value="Erlang SDK for Elixir SDK" />
      <version value="26" />
      <homePath value="$USER_HOME$/.asdf/installs/erlang/26.2.2" />
      <roots>
        <annotationsPath>
          <root type="composite" />
        </annotationsPath>
        <classPath>
          <root type="composite">
            <root url="file://$USER_HOME$/.asdf/installs/erlang/26.2.2/lib/megaco-4.5/ebin" type="simple" />
            <root url="file://$USER_HOME$/.asdf/installs/erlang/26.2.2/lib/reltool-1.0/ebin" type="simple" />
            <root url="file://$USER_HOME$/.asdf/installs/erlang/26.2.2/lib/xmerl-1.3.34/ebin" type="simple" />
            <root url="file://$USER_HOME$/.asdf/installs/erlang/26.2.2/lib/snmp-5.15/ebin" type="simple" />
            <root url="file://$USER_HOME$/.asdf/installs/erlang/26.2.2/lib/os_mon-2.9.1/ebin" type="simple" />
            <root url="file://$USER_HOME$/.asdf/installs/erlang/26.2.2/lib/inets-9.1/ebin" type="simple" />
            <root url="file://$USER_HOME$/.asdf/installs/erlang/26.2.2/lib/et-1.7/ebin" type="simple" />
            <root url="file://$USER_HOME$/.asdf/installs/erlang/26.2.2/lib/dialyzer-5.1.2/ebin" type="simple" />
            <root url="file://$USER_HOME$/.asdf/installs/erlang/26.2.2/lib/public_key-1.15/ebin" type="simple" />
            <root url="file://$USER_HOME$/.asdf/installs/erlang/26.2.2/lib/crypto-5.4/ebin" type="simple" />
            <root url="file://$USER_HOME$/.asdf/installs/erlang/26.2.2/lib/debugger-5.3.3/ebin" type="simple" />
            <root url="file://$USER_HOME$/.asdf/installs/erlang/26.2.2/lib/diameter-2.3.1/ebin" type="simple" />
            <root url="file://$USER_HOME$/.asdf/installs/erlang/26.2.2/lib/wx-2.4/ebin" type="simple" />
            <root url="file://$USER_HOME$/.asdf/installs/erlang/26.2.2/lib/sasl-4.2.1/ebin" type="simple" />
            <root url="file://$USER_HOME$/.asdf/installs/erlang/26.2.2/lib/tools-3.6/ebin" type="simple" />
            <root url="file://$USER_HOME$/.asdf/installs/erlang/26.2.2/lib/erts-14.2.2/ebin" type="simple" />
            <root url="file://$USER_HOME$/.asdf/installs/erlang/26.2.2/lib/runtime_tools-2.0.1/ebin" type="simple" />
            <root url="file://$USER_HOME$/.asdf/installs/erlang/26.2.2/lib/asn1-5.2.1/ebin" type="simple" />
            <root url="file://$USER_HOME$/.asdf/installs/erlang/26.2.2/lib/compiler-8.4.1/ebin" type="simple" />
            <root url="file://$USER_HOME$/.asdf/installs/erlang/26.2.2/lib/tftp-1.1.1/ebin" type="simple" />
            <root url="file://$USER_HOME$/.asdf/installs/erlang/26.2.2/lib/observer-2.15.1/ebin" type="simple" />
            <root url="file://$USER_HOME$/.asdf/installs/erlang/26.2.2/lib/kernel-9.2.1/ebin" type="simple" />
            <root url="file://$USER_HOME$/.asdf/installs/erlang/26.2.2/lib/ftp-1.2.1/ebin" type="simple" />
            <root url="file://$USER_HOME$/.asdf/installs/erlang/26.2.2/lib/stdlib-5.2/ebin" type="simple" />
            <root url="file://$USER_HOME$/.asdf/installs/erlang/26.2.2/lib/erl_interface-5.5.1/ebin" type="simple" />
            <root url="file://$USER_HOME$/.asdf/installs/erlang/26.2.2/lib/common_test-1.26.1/ebin" type="simple" />
            <root url="file://$USER_HOME$/.asdf/installs/erlang/26.2.2/lib/ssl-11.1.1/ebin" type="simple" />
            <root url="file://$USER_HOME$/.asdf/installs/erlang/26.2.2/lib/eunit-2.9/ebin" type="simple" />
            <root url="file://$USER_HOME$/.asdf/installs/erlang/26.2.2/lib/eldap-1.2.12/ebin" type="simple" />
            <root url="file://$USER_HOME$/.asdf/installs/erlang/26.2.2/lib/syntax_tools-3.1/ebin" type="simple" />
            <root url="file://$USER_HOME$/.asdf/installs/erlang/26.2.2/lib/parsetools-2.5/ebin" type="simple" />
            <root url="file://$USER_HOME$/.asdf/installs/erlang/26.2.2/lib/mnesia-4.23/ebin" type="simple" />
            <root url="file://$USER_HOME$/.asdf/installs/erlang/26.2.2/lib/edoc-1.2.1/ebin" type="simple" />
            <root url="file://$USER_HOME$/.asdf/installs/erlang/26.2.2/lib/ssh-5.1.2/ebin" type="simple" />
            <root url="file://$USER_HOME$/.asdf/installs/erlang/26.2.2/lib/erl_docgen-1.5.2/ebin" type="simple" />
          </root>
        </classPath>
        <javadocPath>
          <root type="composite" />
        </javadocPath>
        <sourcePath>
          <root type="composite" />
        </sourcePath>
      </roots>
    </jdk>
    <jdk version="2">
      <name value="Elixir 1.15.7-otp-26" />
      <type value="Elixir SDK" />
      <version value="1.15.7-otp-26" />
      <homePath value="$USER_HOME$/.asdf/installs/elixir/1.15.7-otp-26" />
      <roots>
        <annotationsPath>
          <root type="composite" />
        </annotationsPath>
        <classPath>
          <root type="composite">
            <root url="file://$USER_HOME$/.asdf/installs/elixir/1.15.7-otp-26/lib/logger/ebin" type="simple" />
            <root url="file://$USER_HOME$/.asdf/installs/elixir/1.15.7-otp-26/lib/elixir/ebin" type="simple" />
            <root url="file://$USER_HOME$/.asdf/installs/elixir/1.15.7-otp-26/lib/ex_unit/ebin" type="simple" />
            <root url="file://$USER_HOME$/.asdf/installs/elixir/1.15.7-otp-26/lib/mix/ebin" type="simple" />
            <root url="file://$USER_HOME$/.asdf/installs/elixir/1.15.7-otp-26/lib/eex/ebin" type="simple" />
            <root url="file://$USER_HOME$/.asdf/installs/elixir/1.15.7-otp-26/lib/iex/ebin" type="simple" />
            <root url="file://$USER_HOME$/.asdf/installs/erlang/26.2.2/lib/megaco-4.5/ebin" type="simple" />
            <root url="file://$USER_HOME$/.asdf/installs/erlang/26.2.2/lib/reltool-1.0/ebin" type="simple" />
            <root url="file://$USER_HOME$/.asdf/installs/erlang/26.2.2/lib/xmerl-1.3.34/ebin" type="simple" />
            <root url="file://$USER_HOME$/.asdf/installs/erlang/26.2.2/lib/snmp-5.15/ebin" type="simple" />
            <root url="file://$USER_HOME$/.asdf/installs/erlang/26.2.2/lib/os_mon-2.9.1/ebin" type="simple" />
            <root url="file://$USER_HOME$/.asdf/installs/erlang/26.2.2/lib/inets-9.1/ebin" type="simple" />
            <root url="file://$USER_HOME$/.asdf/installs/erlang/26.2.2/lib/et-1.7/ebin" type="simple" />
            <root url="file://$USER_HOME$/.asdf/installs/erlang/26.2.2/lib/dialyzer-5.1.2/ebin" type="simple" />
            <root url="file://$USER_HOME$/.asdf/installs/erlang/26.2.2/lib/public_key-1.15/ebin" type="simple" />
            <root url="file://$USER_HOME$/.asdf/installs/erlang/26.2.2/lib/crypto-5.4/ebin" type="simple" />
            <root url="file://$USER_HOME$/.asdf/installs/erlang/26.2.2/lib/debugger-5.3.3/ebin" type="simple" />
            <root url="file://$USER_HOME$/.asdf/installs/erlang/26.2.2/lib/diameter-2.3.1/ebin" type="simple" />
            <root url="file://$USER_HOME$/.asdf/installs/erlang/26.2.2/lib/wx-2.4/ebin" type="simple" />
            <root url="file://$USER_HOME$/.asdf/installs/erlang/26.2.2/lib/sasl-4.2.1/ebin" type="simple" />
            <root url="file://$USER_HOME$/.asdf/installs/erlang/26.2.2/lib/tools-3.6/ebin" type="simple" />
            <root url="file://$USER_HOME$/.asdf/installs/erlang/26.2.2/lib/erts-14.2.2/ebin" type="simple" />
            <root url="file://$USER_HOME$/.asdf/installs/erlang/26.2.2/lib/runtime_tools-2.0.1/ebin" type="simple" />
            <root url="file://$USER_HOME$/.asdf/installs/erlang/26.2.2/lib/asn1-5.2.1/ebin" type="simple" />
            <root url="file://$USER_HOME$/.asdf/installs/erlang/26.2.2/lib/compiler-8.4.1/ebin" type="simple" />
            <root url="file://$USER_HOME$/.asdf/installs/erlang/26.2.2/lib/tftp-1.1.1/ebin" type="simple" />
            <root url="file://$USER_HOME$/.asdf/installs/erlang/26.2.2/lib/observer-2.15.1/ebin" type="simple" />
            <root url="file://$USER_HOME$/.asdf/installs/erlang/26.2.2/lib/kernel-9.2.1/ebin" type="simple" />
            <root url="file://$USER_HOME$/.asdf/installs/erlang/26.2.2/lib/ftp-1.2.1/ebin" type="simple" />
            <root url="file://$USER_HOME$/.asdf/installs/erlang/26.2.2/lib/stdlib-5.2/ebin" type="simple" />
            <root url="file://$USER_HOME$/.asdf/installs/erlang/26.2.2/lib/erl_interface-5.5.1/ebin" type="simple" />
            <root url="file://$USER_HOME$/.asdf/installs/erlang/26.2.2/lib/common_test-1.26.1/ebin" type="simple" />
            <root url="file://$USER_HOME$/.asdf/installs/erlang/26.2.2/lib/ssl-11.1.1/ebin" type="simple" />
            <root url="file://$USER_HOME$/.asdf/installs/erlang/26.2.2/lib/eunit-2.9/ebin" type="simple" />
            <root url="file://$USER_HOME$/.asdf/installs/erlang/26.2.2/lib/eldap-1.2.12/ebin" type="simple" />
            <root url="file://$USER_HOME$/.asdf/installs/erlang/26.2.2/lib/syntax_tools-3.1/ebin" type="simple" />
            <root url="file://$USER_HOME$/.asdf/installs/erlang/26.2.2/lib/parsetools-2.5/ebin" type="simple" />
            <root url="file://$USER_HOME$/.asdf/installs/erlang/26.2.2/lib/mnesia-4.23/ebin" type="simple" />
            <root url="file://$USER_HOME$/.asdf/installs/erlang/26.2.2/lib/edoc-1.2.1/ebin" type="simple" />
            <root url="file://$USER_HOME$/.asdf/installs/erlang/26.2.2/lib/ssh-5.1.2/ebin" type="simple" />
            <root url="file://$USER_HOME$/.asdf/installs/erlang/26.2.2/lib/erl_docgen-1.5.2/ebin" type="simple" />
          </root>
        </classPath>
        <javadocPath>
          <root type="composite">
            <root url="https://hexdoc.pm/logger/1.15.7-otp-26" type="simple" />
            <root url="https://hexdoc.pm/elixir/1.15.7-otp-26" type="simple" />
            <root url="https://hexdoc.pm/ex_unit/1.15.7-otp-26" type="simple" />
            <root url="https://hexdoc.pm/mix/1.15.7-otp-26" type="simple" />
            <root url="https://hexdoc.pm/eex/1.15.7-otp-26" type="simple" />
            <root url="https://hexdoc.pm/iex/1.15.7-otp-26" type="simple" />
          </root>
        </javadocPath>
        <sourcePath>
          <root type="composite">
            <root url="file://$USER_HOME$/.asdf/installs/elixir/1.15.7-otp-26/lib/logger/lib" type="simple" />
            <root url="file://$USER_HOME$/.asdf/installs/elixir/1.15.7-otp-26/lib/elixir/lib" type="simple" />
            <root url="file://$USER_HOME$/.asdf/installs/elixir/1.15.7-otp-26/lib/ex_unit/lib" type="simple" />
            <root url="file://$USER_HOME$/.asdf/installs/elixir/1.15.7-otp-26/lib/mix/lib" type="simple" />
            <root url="file://$USER_HOME$/.asdf/installs/elixir/1.15.7-otp-26/lib/eex/lib" type="simple" />
            <root url="file://$USER_HOME$/.asdf/installs/elixir/1.15.7-otp-26/lib/iex/lib" type="simple" />
          </root>
        </sourcePath>
      </roots>
      <additional erlang-sdk-name="Erlang for Elixir 26" />
    </jdk>
    <jdk version="2">
      <name value="Elixir 1.17.3-otp-27" />
      <type value="Elixir SDK" />
      <version value="1.17.3-otp-27" />
      <homePath value="$USER_HOME$/.asdf/installs/elixir/1.17.3-otp-27" />
      <roots>
        <annotationsPath>
          <root type="composite" />
        </annotationsPath>
        <classPath>
          <root type="composite">
            <root url="file://$USER_HOME$/.asdf/installs/elixir/1.17.3-otp-27/lib/logger/ebin" type="simple" />
            <root url="file://$USER_HOME$/.asdf/installs/elixir/1.17.3-otp-27/lib/elixir/ebin" type="simple" />
            <root url="file://$USER_HOME$/.asdf/installs/elixir/1.17.3-otp-27/lib/ex_unit/ebin" type="simple" />
            <root url="file://$USER_HOME$/.asdf/installs/elixir/1.17.3-otp-27/lib/mix/ebin" type="simple" />
            <root url="file://$USER_HOME$/.asdf/installs/elixir/1.17.3-otp-27/lib/eex/ebin" type="simple" />
            <root url="file://$USER_HOME$/.asdf/installs/elixir/1.17.3-otp-27/lib/iex/ebin" type="simple" />
            <root url="file://$USER_HOME$/.asdf/installs/erlang/26.2.2/lib/megaco-4.5/ebin" type="simple" />
            <root url="file://$USER_HOME$/.asdf/installs/erlang/26.2.2/lib/reltool-1.0/ebin" type="simple" />
            <root url="file://$USER_HOME$/.asdf/installs/erlang/26.2.2/lib/xmerl-1.3.34/ebin" type="simple" />
            <root url="file://$USER_HOME$/.asdf/installs/erlang/26.2.2/lib/snmp-5.15/ebin" type="simple" />
            <root url="file://$USER_HOME$/.asdf/installs/erlang/26.2.2/lib/os_mon-2.9.1/ebin" type="simple" />
            <root url="file://$USER_HOME$/.asdf/installs/erlang/26.2.2/lib/inets-9.1/ebin" type="simple" />
            <root url="file://$USER_HOME$/.asdf/installs/erlang/26.2.2/lib/et-1.7/ebin" type="simple" />
            <root url="file://$USER_HOME$/.asdf/installs/erlang/26.2.2/lib/dialyzer-5.1.2/ebin" type="simple" />
            <root url="file://$USER_HOME$/.asdf/installs/erlang/26.2.2/lib/public_key-1.15/ebin" type="simple" />
            <root url="file://$USER_HOME$/.asdf/installs/erlang/26.2.2/lib/crypto-5.4/ebin" type="simple" />
            <root url="file://$USER_HOME$/.asdf/installs/erlang/26.2.2/lib/debugger-5.3.3/ebin" type="simple" />
            <root url="file://$USER_HOME$/.asdf/installs/erlang/26.2.2/lib/diameter-2.3.1/ebin" type="simple" />
            <root url="file://$USER_HOME$/.asdf/installs/erlang/26.2.2/lib/wx-2.4/ebin" type="simple" />
            <root url="file://$USER_HOME$/.asdf/installs/erlang/26.2.2/lib/sasl-4.2.1/ebin" type="simple" />
            <root url="file://$USER_HOME$/.asdf/installs/erlang/26.2.2/lib/tools-3.6/ebin" type="simple" />
            <root url="file://$USER_HOME$/.asdf/installs/erlang/26.2.2/lib/erts-14.2.2/ebin" type="simple" />
            <root url="file://$USER_HOME$/.asdf/installs/erlang/26.2.2/lib/runtime_tools-2.0.1/ebin" type="simple" />
            <root url="file://$USER_HOME$/.asdf/installs/erlang/26.2.2/lib/asn1-5.2.1/ebin" type="simple" />
            <root url="file://$USER_HOME$/.asdf/installs/erlang/26.2.2/lib/compiler-8.4.1/ebin" type="simple" />
            <root url="file://$USER_HOME$/.asdf/installs/erlang/26.2.2/lib/tftp-1.1.1/ebin" type="simple" />
            <root url="file://$USER_HOME$/.asdf/installs/erlang/26.2.2/lib/observer-2.15.1/ebin" type="simple" />
            <root url="file://$USER_HOME$/.asdf/installs/erlang/26.2.2/lib/kernel-9.2.1/ebin" type="simple" />
            <root url="file://$USER_HOME$/.asdf/installs/erlang/26.2.2/lib/ftp-1.2.1/ebin" type="simple" />
            <root url="file://$USER_HOME$/.asdf/installs/erlang/26.2.2/lib/stdlib-5.2/ebin" type="simple" />
            <root url="file://$USER_HOME$/.asdf/installs/erlang/26.2.2/lib/erl_interface-5.5.1/ebin" type="simple" />
            <root url="file://$USER_HOME$/.asdf/installs/erlang/26.2.2/lib/common_test-1.26.1/ebin" type="simple" />
            <root url="file://$USER_HOME$/.asdf/installs/erlang/26.2.2/lib/ssl-11.1.1/ebin" type="simple" />
            <root url="file://$USER_HOME$/.asdf/installs/erlang/26.2.2/lib/eunit-2.9/ebin" type="simple" />
            <root url="file://$USER_HOME$/.asdf/installs/erlang/26.2.2/lib/eldap-1.2.12/ebin" type="simple" />
            <root url="file://$USER_HOME$/.asdf/installs/erlang/26.2.2/lib/syntax_tools-3.1/ebin" type="simple" />
            <root url="file://$USER_HOME$/.asdf/installs/erlang/26.2.2/lib/parsetools-2.5/ebin" type="simple" />
            <root url="file://$USER_HOME$/.asdf/installs/erlang/26.2.2/lib/mnesia-4.23/ebin" type="simple" />
            <root url="file://$USER_HOME$/.asdf/installs/erlang/26.2.2/lib/edoc-1.2.1/ebin" type="simple" />
            <root url="file://$USER_HOME$/.asdf/installs/erlang/26.2.2/lib/ssh-5.1.2/ebin" type="simple" />
            <root url="file://$USER_HOME$/.asdf/installs/erlang/26.2.2/lib/erl_docgen-1.5.2/ebin" type="simple" />
          </root>
        </classPath>
        <javadocPath>
          <root type="composite">
            <root url="https://hexdoc.pm/logger/1.17.3-otp-27" type="simple" />
            <root url="https://hexdoc.pm/elixir/1.17.3-otp-27" type="simple" />
            <root url="https://hexdoc.pm/ex_unit/1.17.3-otp-27" type="simple" />
            <root url="https://hexdoc.pm/mix/1.17.3-otp-27" type="simple" />
            <root url="https://hexdoc.pm/eex/1.17.3-otp-27" type="simple" />
            <root url="https://hexdoc.pm/iex/1.17.3-otp-27" type="simple" />
          </root>
        </javadocPath>
        <sourcePath>
          <root type="composite">
            <root url="file://$USER_HOME$/.asdf/installs/elixir/1.17.3-otp-27/lib/logger/lib" type="simple" />
            <root url="file://$USER_HOME$/.asdf/installs/elixir/1.17.3-otp-27/lib/elixir/lib" type="simple" />
            <root url="file://$USER_HOME$/.asdf/installs/elixir/1.17.3-otp-27/lib/ex_unit/lib" type="simple" />
            <root url="file://$USER_HOME$/.asdf/installs/elixir/1.17.3-otp-27/lib/mix/lib" type="simple" />
            <root url="file://$USER_HOME$/.asdf/installs/elixir/1.17.3-otp-27/lib/eex/lib" type="simple" />
            <root url="file://$USER_HOME$/.asdf/installs/elixir/1.17.3-otp-27/lib/iex/lib" type="simple" />
          </root>
        </sourcePath>
      </roots>
      <additional erlang-sdk-name="Erlang for Elixir 26" />
    </jdk>
    <jdk version="2">
      <name value="21" />
      <type value="JavaSDK" />
      <version value="java version &quot;21.0.2&quot;" />
      <homePath value="/opt/homebrew/Cellar/openjdk/21.0.2/libexec/openjdk.jdk/Contents/Home" />
      <roots>
        <annotationsPath>
          <root type="composite">
            <root url="jar://$APPLICATION_HOME_DIR$/plugins/java/lib/resources/jdkAnnotations.jar!/" type="simple" />
          </root>
        </annotationsPath>
        <classPath>
          <root type="composite">
            <root url="jrt:///opt/homebrew/Cellar/openjdk/21.0.2/libexec/openjdk.jdk/Contents/Home!/java.base" type="simple" />
            <root url="jrt:///opt/homebrew/Cellar/openjdk/21.0.2/libexec/openjdk.jdk/Contents/Home!/java.compiler" type="simple" />
            <root url="jrt:///opt/homebrew/Cellar/openjdk/21.0.2/libexec/openjdk.jdk/Contents/Home!/java.datatransfer" type="simple" />
            <root url="jrt:///opt/homebrew/Cellar/openjdk/21.0.2/libexec/openjdk.jdk/Contents/Home!/java.desktop" type="simple" />
            <root url="jrt:///opt/homebrew/Cellar/openjdk/21.0.2/libexec/openjdk.jdk/Contents/Home!/java.instrument" type="simple" />
            <root url="jrt:///opt/homebrew/Cellar/openjdk/21.0.2/libexec/openjdk.jdk/Contents/Home!/java.logging" type="simple" />
            <root url="jrt:///opt/homebrew/Cellar/openjdk/21.0.2/libexec/openjdk.jdk/Contents/Home!/java.management" type="simple" />
            <root url="jrt:///opt/homebrew/Cellar/openjdk/21.0.2/libexec/openjdk.jdk/Contents/Home!/java.management.rmi" type="simple" />
            <root url="jrt:///opt/homebrew/Cellar/openjdk/21.0.2/libexec/openjdk.jdk/Contents/Home!/java.naming" type="simple" />
            <root url="jrt:///opt/homebrew/Cellar/openjdk/21.0.2/libexec/openjdk.jdk/Contents/Home!/java.net.http" type="simple" />
            <root url="jrt:///opt/homebrew/Cellar/openjdk/21.0.2/libexec/openjdk.jdk/Contents/Home!/java.prefs" type="simple" />
            <root url="jrt:///opt/homebrew/Cellar/openjdk/21.0.2/libexec/openjdk.jdk/Contents/Home!/java.rmi" type="simple" />
            <root url="jrt:///opt/homebrew/Cellar/openjdk/21.0.2/libexec/openjdk.jdk/Contents/Home!/java.scripting" type="simple" />
            <root url="jrt:///opt/homebrew/Cellar/openjdk/21.0.2/libexec/openjdk.jdk/Contents/Home!/java.se" type="simple" />
            <root url="jrt:///opt/homebrew/Cellar/openjdk/21.0.2/libexec/openjdk.jdk/Contents/Home!/java.security.jgss" type="simple" />
            <root url="jrt:///opt/homebrew/Cellar/openjdk/21.0.2/libexec/openjdk.jdk/Contents/Home!/java.security.sasl" type="simple" />
            <root url="jrt:///opt/homebrew/Cellar/openjdk/21.0.2/libexec/openjdk.jdk/Contents/Home!/java.smartcardio" type="simple" />
            <root url="jrt:///opt/homebrew/Cellar/openjdk/21.0.2/libexec/openjdk.jdk/Contents/Home!/java.sql" type="simple" />
            <root url="jrt:///opt/homebrew/Cellar/openjdk/21.0.2/libexec/openjdk.jdk/Contents/Home!/java.sql.rowset" type="simple" />
            <root url="jrt:///opt/homebrew/Cellar/openjdk/21.0.2/libexec/openjdk.jdk/Contents/Home!/java.transaction.xa" type="simple" />
            <root url="jrt:///opt/homebrew/Cellar/openjdk/21.0.2/libexec/openjdk.jdk/Contents/Home!/java.xml" type="simple" />
            <root url="jrt:///opt/homebrew/Cellar/openjdk/21.0.2/libexec/openjdk.jdk/Contents/Home!/java.xml.crypto" type="simple" />
            <root url="jrt:///opt/homebrew/Cellar/openjdk/21.0.2/libexec/openjdk.jdk/Contents/Home!/jdk.accessibility" type="simple" />
            <root url="jrt:///opt/homebrew/Cellar/openjdk/21.0.2/libexec/openjdk.jdk/Contents/Home!/jdk.attach" type="simple" />
            <root url="jrt:///opt/homebrew/Cellar/openjdk/21.0.2/libexec/openjdk.jdk/Contents/Home!/jdk.charsets" type="simple" />
            <root url="jrt:///opt/homebrew/Cellar/openjdk/21.0.2/libexec/openjdk.jdk/Contents/Home!/jdk.compiler" type="simple" />
            <root url="jrt:///opt/homebrew/Cellar/openjdk/21.0.2/libexec/openjdk.jdk/Contents/Home!/jdk.crypto.cryptoki" type="simple" />
            <root url="jrt:///opt/homebrew/Cellar/openjdk/21.0.2/libexec/openjdk.jdk/Contents/Home!/jdk.crypto.ec" type="simple" />
            <root url="jrt:///opt/homebrew/Cellar/openjdk/21.0.2/libexec/openjdk.jdk/Contents/Home!/jdk.dynalink" type="simple" />
            <root url="jrt:///opt/homebrew/Cellar/openjdk/21.0.2/libexec/openjdk.jdk/Contents/Home!/jdk.editpad" type="simple" />
            <root url="jrt:///opt/homebrew/Cellar/openjdk/21.0.2/libexec/openjdk.jdk/Contents/Home!/jdk.hotspot.agent" type="simple" />
            <root url="jrt:///opt/homebrew/Cellar/openjdk/21.0.2/libexec/openjdk.jdk/Contents/Home!/jdk.httpserver" type="simple" />
            <root url="jrt:///opt/homebrew/Cellar/openjdk/21.0.2/libexec/openjdk.jdk/Contents/Home!/jdk.incubator.vector" type="simple" />
            <root url="jrt:///opt/homebrew/Cellar/openjdk/21.0.2/libexec/openjdk.jdk/Contents/Home!/jdk.internal.ed" type="simple" />
            <root url="jrt:///opt/homebrew/Cellar/openjdk/21.0.2/libexec/openjdk.jdk/Contents/Home!/jdk.internal.jvmstat" type="simple" />
            <root url="jrt:///opt/homebrew/Cellar/openjdk/21.0.2/libexec/openjdk.jdk/Contents/Home!/jdk.internal.le" type="simple" />
            <root url="jrt:///opt/homebrew/Cellar/openjdk/21.0.2/libexec/openjdk.jdk/Contents/Home!/jdk.internal.opt" type="simple" />
            <root url="jrt:///opt/homebrew/Cellar/openjdk/21.0.2/libexec/openjdk.jdk/Contents/Home!/jdk.internal.vm.ci" type="simple" />
            <root url="jrt:///opt/homebrew/Cellar/openjdk/21.0.2/libexec/openjdk.jdk/Contents/Home!/jdk.internal.vm.compiler" type="simple" />
            <root url="jrt:///opt/homebrew/Cellar/openjdk/21.0.2/libexec/openjdk.jdk/Contents/Home!/jdk.internal.vm.compiler.management" type="simple" />
            <root url="jrt:///opt/homebrew/Cellar/openjdk/21.0.2/libexec/openjdk.jdk/Contents/Home!/jdk.jartool" type="simple" />
            <root url="jrt:///opt/homebrew/Cellar/openjdk/21.0.2/libexec/openjdk.jdk/Contents/Home!/jdk.javadoc" type="simple" />
            <root url="jrt:///opt/homebrew/Cellar/openjdk/21.0.2/libexec/openjdk.jdk/Contents/Home!/jdk.jcmd" type="simple" />
            <root url="jrt:///opt/homebrew/Cellar/openjdk/21.0.2/libexec/openjdk.jdk/Contents/Home!/jdk.jconsole" type="simple" />
            <root url="jrt:///opt/homebrew/Cellar/openjdk/21.0.2/libexec/openjdk.jdk/Contents/Home!/jdk.jdeps" type="simple" />
            <root url="jrt:///opt/homebrew/Cellar/openjdk/21.0.2/libexec/openjdk.jdk/Contents/Home!/jdk.jdi" type="simple" />
            <root url="jrt:///opt/homebrew/Cellar/openjdk/21.0.2/libexec/openjdk.jdk/Contents/Home!/jdk.jdwp.agent" type="simple" />
            <root url="jrt:///opt/homebrew/Cellar/openjdk/21.0.2/libexec/openjdk.jdk/Contents/Home!/jdk.jfr" type="simple" />
            <root url="jrt:///opt/homebrew/Cellar/openjdk/21.0.2/libexec/openjdk.jdk/Contents/Home!/jdk.jlink" type="simple" />
            <root url="jrt:///opt/homebrew/Cellar/openjdk/21.0.2/libexec/openjdk.jdk/Contents/Home!/jdk.jpackage" type="simple" />
            <root url="jrt:///opt/homebrew/Cellar/openjdk/21.0.2/libexec/openjdk.jdk/Contents/Home!/jdk.jshell" type="simple" />
            <root url="jrt:///opt/homebrew/Cellar/openjdk/21.0.2/libexec/openjdk.jdk/Contents/Home!/jdk.jsobject" type="simple" />
            <root url="jrt:///opt/homebrew/Cellar/openjdk/21.0.2/libexec/openjdk.jdk/Contents/Home!/jdk.jstatd" type="simple" />
            <root url="jrt:///opt/homebrew/Cellar/openjdk/21.0.2/libexec/openjdk.jdk/Contents/Home!/jdk.localedata" type="simple" />
            <root url="jrt:///opt/homebrew/Cellar/openjdk/21.0.2/libexec/openjdk.jdk/Contents/Home!/jdk.management" type="simple" />
            <root url="jrt:///opt/homebrew/Cellar/openjdk/21.0.2/libexec/openjdk.jdk/Contents/Home!/jdk.management.agent" type="simple" />
            <root url="jrt:///opt/homebrew/Cellar/openjdk/21.0.2/libexec/openjdk.jdk/Contents/Home!/jdk.management.jfr" type="simple" />
            <root url="jrt:///opt/homebrew/Cellar/openjdk/21.0.2/libexec/openjdk.jdk/Contents/Home!/jdk.naming.dns" type="simple" />
            <root url="jrt:///opt/homebrew/Cellar/openjdk/21.0.2/libexec/openjdk.jdk/Contents/Home!/jdk.naming.rmi" type="simple" />
            <root url="jrt:///opt/homebrew/Cellar/openjdk/21.0.2/libexec/openjdk.jdk/Contents/Home!/jdk.net" type="simple" />
            <root url="jrt:///opt/homebrew/Cellar/openjdk/21.0.2/libexec/openjdk.jdk/Contents/Home!/jdk.nio.mapmode" type="simple" />
            <root url="jrt:///opt/homebrew/Cellar/openjdk/21.0.2/libexec/openjdk.jdk/Contents/Home!/jdk.random" type="simple" />
            <root url="jrt:///opt/homebrew/Cellar/openjdk/21.0.2/libexec/openjdk.jdk/Contents/Home!/jdk.sctp" type="simple" />
            <root url="jrt:///opt/homebrew/Cellar/openjdk/21.0.2/libexec/openjdk.jdk/Contents/Home!/jdk.security.auth" type="simple" />
            <root url="jrt:///opt/homebrew/Cellar/openjdk/21.0.2/libexec/openjdk.jdk/Contents/Home!/jdk.security.jgss" type="simple" />
            <root url="jrt:///opt/homebrew/Cellar/openjdk/21.0.2/libexec/openjdk.jdk/Contents/Home!/jdk.unsupported" type="simple" />
            <root url="jrt:///opt/homebrew/Cellar/openjdk/21.0.2/libexec/openjdk.jdk/Contents/Home!/jdk.unsupported.desktop" type="simple" />
            <root url="jrt:///opt/homebrew/Cellar/openjdk/21.0.2/libexec/openjdk.jdk/Contents/Home!/jdk.xml.dom" type="simple" />
            <root url="jrt:///opt/homebrew/Cellar/openjdk/21.0.2/libexec/openjdk.jdk/Contents/Home!/jdk.zipfs" type="simple" />
          </root>
        </classPath>
        <javadocPath>
          <root type="composite" />
        </javadocPath>
        <sourcePath>
          <root type="composite">
            <root url="jar:///opt/homebrew/Cellar/openjdk/21.0.2/libexec/openjdk.jdk/Contents/Home/lib/src.zip!/java.se" type="simple" />
            <root url="jar:///opt/homebrew/Cellar/openjdk/21.0.2/libexec/openjdk.jdk/Contents/Home/lib/src.zip!/jdk.jdi" type="simple" />
            <root url="jar:///opt/homebrew/Cellar/openjdk/21.0.2/libexec/openjdk.jdk/Contents/Home/lib/src.zip!/jdk.jfr" type="simple" />
            <root url="jar:///opt/homebrew/Cellar/openjdk/21.0.2/libexec/openjdk.jdk/Contents/Home/lib/src.zip!/jdk.net" type="simple" />
            <root url="jar:///opt/homebrew/Cellar/openjdk/21.0.2/libexec/openjdk.jdk/Contents/Home/lib/src.zip!/java.rmi" type="simple" />
            <root url="jar:///opt/homebrew/Cellar/openjdk/21.0.2/libexec/openjdk.jdk/Contents/Home/lib/src.zip!/java.sql" type="simple" />
            <root url="jar:///opt/homebrew/Cellar/openjdk/21.0.2/libexec/openjdk.jdk/Contents/Home/lib/src.zip!/java.xml" type="simple" />
            <root url="jar:///opt/homebrew/Cellar/openjdk/21.0.2/libexec/openjdk.jdk/Contents/Home/lib/src.zip!/jdk.jcmd" type="simple" />
            <root url="jar:///opt/homebrew/Cellar/openjdk/21.0.2/libexec/openjdk.jdk/Contents/Home/lib/src.zip!/jdk.sctp" type="simple" />
            <root url="jar:///opt/homebrew/Cellar/openjdk/21.0.2/libexec/openjdk.jdk/Contents/Home/lib/src.zip!/java.base" type="simple" />
            <root url="jar:///opt/homebrew/Cellar/openjdk/21.0.2/libexec/openjdk.jdk/Contents/Home/lib/src.zip!/jdk.jdeps" type="simple" />
            <root url="jar:///opt/homebrew/Cellar/openjdk/21.0.2/libexec/openjdk.jdk/Contents/Home/lib/src.zip!/jdk.jlink" type="simple" />
            <root url="jar:///opt/homebrew/Cellar/openjdk/21.0.2/libexec/openjdk.jdk/Contents/Home/lib/src.zip!/jdk.zipfs" type="simple" />
            <root url="jar:///opt/homebrew/Cellar/openjdk/21.0.2/libexec/openjdk.jdk/Contents/Home/lib/src.zip!/java.prefs" type="simple" />
            <root url="jar:///opt/homebrew/Cellar/openjdk/21.0.2/libexec/openjdk.jdk/Contents/Home/lib/src.zip!/jdk.attach" type="simple" />
            <root url="jar:///opt/homebrew/Cellar/openjdk/21.0.2/libexec/openjdk.jdk/Contents/Home/lib/src.zip!/jdk.jshell" type="simple" />
            <root url="jar:///opt/homebrew/Cellar/openjdk/21.0.2/libexec/openjdk.jdk/Contents/Home/lib/src.zip!/jdk.jstatd" type="simple" />
            <root url="jar:///opt/homebrew/Cellar/openjdk/21.0.2/libexec/openjdk.jdk/Contents/Home/lib/src.zip!/jdk.random" type="simple" />
            <root url="jar:///opt/homebrew/Cellar/openjdk/21.0.2/libexec/openjdk.jdk/Contents/Home/lib/src.zip!/java.naming" type="simple" />
            <root url="jar:///opt/homebrew/Cellar/openjdk/21.0.2/libexec/openjdk.jdk/Contents/Home/lib/src.zip!/jdk.editpad" type="simple" />
            <root url="jar:///opt/homebrew/Cellar/openjdk/21.0.2/libexec/openjdk.jdk/Contents/Home/lib/src.zip!/jdk.jartool" type="simple" />
            <root url="jar:///opt/homebrew/Cellar/openjdk/21.0.2/libexec/openjdk.jdk/Contents/Home/lib/src.zip!/jdk.javadoc" type="simple" />
            <root url="jar:///opt/homebrew/Cellar/openjdk/21.0.2/libexec/openjdk.jdk/Contents/Home/lib/src.zip!/jdk.xml.dom" type="simple" />
            <root url="jar:///opt/homebrew/Cellar/openjdk/21.0.2/libexec/openjdk.jdk/Contents/Home/lib/src.zip!/java.desktop" type="simple" />
            <root url="jar:///opt/homebrew/Cellar/openjdk/21.0.2/libexec/openjdk.jdk/Contents/Home/lib/src.zip!/java.logging" type="simple" />
            <root url="jar:///opt/homebrew/Cellar/openjdk/21.0.2/libexec/openjdk.jdk/Contents/Home/lib/src.zip!/jdk.charsets" type="simple" />
            <root url="jar:///opt/homebrew/Cellar/openjdk/21.0.2/libexec/openjdk.jdk/Contents/Home/lib/src.zip!/jdk.compiler" type="simple" />
            <root url="jar:///opt/homebrew/Cellar/openjdk/21.0.2/libexec/openjdk.jdk/Contents/Home/lib/src.zip!/jdk.dynalink" type="simple" />
            <root url="jar:///opt/homebrew/Cellar/openjdk/21.0.2/libexec/openjdk.jdk/Contents/Home/lib/src.zip!/jdk.jconsole" type="simple" />
            <root url="jar:///opt/homebrew/Cellar/openjdk/21.0.2/libexec/openjdk.jdk/Contents/Home/lib/src.zip!/jdk.jpackage" type="simple" />
            <root url="jar:///opt/homebrew/Cellar/openjdk/21.0.2/libexec/openjdk.jdk/Contents/Home/lib/src.zip!/jdk.jsobject" type="simple" />
            <root url="jar:///opt/homebrew/Cellar/openjdk/21.0.2/libexec/openjdk.jdk/Contents/Home/lib/src.zip!/java.compiler" type="simple" />
            <root url="jar:///opt/homebrew/Cellar/openjdk/21.0.2/libexec/openjdk.jdk/Contents/Home/lib/src.zip!/java.net.http" type="simple" />
            <root url="jar:///opt/homebrew/Cellar/openjdk/21.0.2/libexec/openjdk.jdk/Contents/Home/lib/src.zip!/jdk.crypto.ec" type="simple" />
            <root url="jar:///opt/homebrew/Cellar/openjdk/21.0.2/libexec/openjdk.jdk/Contents/Home/lib/src.zip!/java.scripting" type="simple" />
            <root url="jar:///opt/homebrew/Cellar/openjdk/21.0.2/libexec/openjdk.jdk/Contents/Home/lib/src.zip!/jdk.httpserver" type="simple" />
            <root url="jar:///opt/homebrew/Cellar/openjdk/21.0.2/libexec/openjdk.jdk/Contents/Home/lib/src.zip!/jdk.jdwp.agent" type="simple" />
            <root url="jar:///opt/homebrew/Cellar/openjdk/21.0.2/libexec/openjdk.jdk/Contents/Home/lib/src.zip!/jdk.localedata" type="simple" />
            <root url="jar:///opt/homebrew/Cellar/openjdk/21.0.2/libexec/openjdk.jdk/Contents/Home/lib/src.zip!/jdk.management" type="simple" />
            <root url="jar:///opt/homebrew/Cellar/openjdk/21.0.2/libexec/openjdk.jdk/Contents/Home/lib/src.zip!/jdk.naming.dns" type="simple" />
            <root url="jar:///opt/homebrew/Cellar/openjdk/21.0.2/libexec/openjdk.jdk/Contents/Home/lib/src.zip!/jdk.naming.rmi" type="simple" />
            <root url="jar:///opt/homebrew/Cellar/openjdk/21.0.2/libexec/openjdk.jdk/Contents/Home/lib/src.zip!/java.instrument" type="simple" />
            <root url="jar:///opt/homebrew/Cellar/openjdk/21.0.2/libexec/openjdk.jdk/Contents/Home/lib/src.zip!/java.management" type="simple" />
            <root url="jar:///opt/homebrew/Cellar/openjdk/21.0.2/libexec/openjdk.jdk/Contents/Home/lib/src.zip!/java.sql.rowset" type="simple" />
            <root url="jar:///opt/homebrew/Cellar/openjdk/21.0.2/libexec/openjdk.jdk/Contents/Home/lib/src.zip!/java.xml.crypto" type="simple" />
            <root url="jar:///opt/homebrew/Cellar/openjdk/21.0.2/libexec/openjdk.jdk/Contents/Home/lib/src.zip!/jdk.internal.ed" type="simple" />
            <root url="jar:///opt/homebrew/Cellar/openjdk/21.0.2/libexec/openjdk.jdk/Contents/Home/lib/src.zip!/jdk.internal.le" type="simple" />
            <root url="jar:///opt/homebrew/Cellar/openjdk/21.0.2/libexec/openjdk.jdk/Contents/Home/lib/src.zip!/jdk.nio.mapmode" type="simple" />
            <root url="jar:///opt/homebrew/Cellar/openjdk/21.0.2/libexec/openjdk.jdk/Contents/Home/lib/src.zip!/jdk.unsupported" type="simple" />
            <root url="jar:///opt/homebrew/Cellar/openjdk/21.0.2/libexec/openjdk.jdk/Contents/Home/lib/src.zip!/java.smartcardio" type="simple" />
            <root url="jar:///opt/homebrew/Cellar/openjdk/21.0.2/libexec/openjdk.jdk/Contents/Home/lib/src.zip!/jdk.internal.opt" type="simple" />
            <root url="jar:///opt/homebrew/Cellar/openjdk/21.0.2/libexec/openjdk.jdk/Contents/Home/lib/src.zip!/java.datatransfer" type="simple" />
            <root url="jar:///opt/homebrew/Cellar/openjdk/21.0.2/libexec/openjdk.jdk/Contents/Home/lib/src.zip!/jdk.accessibility" type="simple" />
            <root url="jar:///opt/homebrew/Cellar/openjdk/21.0.2/libexec/openjdk.jdk/Contents/Home/lib/src.zip!/jdk.hotspot.agent" type="simple" />
            <root url="jar:///opt/homebrew/Cellar/openjdk/21.0.2/libexec/openjdk.jdk/Contents/Home/lib/src.zip!/jdk.security.auth" type="simple" />
            <root url="jar:///opt/homebrew/Cellar/openjdk/21.0.2/libexec/openjdk.jdk/Contents/Home/lib/src.zip!/jdk.security.jgss" type="simple" />
            <root url="jar:///opt/homebrew/Cellar/openjdk/21.0.2/libexec/openjdk.jdk/Contents/Home/lib/src.zip!/java.security.jgss" type="simple" />
            <root url="jar:///opt/homebrew/Cellar/openjdk/21.0.2/libexec/openjdk.jdk/Contents/Home/lib/src.zip!/java.security.sasl" type="simple" />
            <root url="jar:///opt/homebrew/Cellar/openjdk/21.0.2/libexec/openjdk.jdk/Contents/Home/lib/src.zip!/jdk.internal.vm.ci" type="simple" />
            <root url="jar:///opt/homebrew/Cellar/openjdk/21.0.2/libexec/openjdk.jdk/Contents/Home/lib/src.zip!/jdk.management.jfr" type="simple" />
            <root url="jar:///opt/homebrew/Cellar/openjdk/21.0.2/libexec/openjdk.jdk/Contents/Home/lib/src.zip!/java.management.rmi" type="simple" />
            <root url="jar:///opt/homebrew/Cellar/openjdk/21.0.2/libexec/openjdk.jdk/Contents/Home/lib/src.zip!/java.transaction.xa" type="simple" />
            <root url="jar:///opt/homebrew/Cellar/openjdk/21.0.2/libexec/openjdk.jdk/Contents/Home/lib/src.zip!/jdk.crypto.cryptoki" type="simple" />
            <root url="jar:///opt/homebrew/Cellar/openjdk/21.0.2/libexec/openjdk.jdk/Contents/Home/lib/src.zip!/jdk.incubator.vector" type="simple" />
            <root url="jar:///opt/homebrew/Cellar/openjdk/21.0.2/libexec/openjdk.jdk/Contents/Home/lib/src.zip!/jdk.internal.jvmstat" type="simple" />
            <root url="jar:///opt/homebrew/Cellar/openjdk/21.0.2/libexec/openjdk.jdk/Contents/Home/lib/src.zip!/jdk.management.agent" type="simple" />
            <root url="jar:///opt/homebrew/Cellar/openjdk/21.0.2/libexec/openjdk.jdk/Contents/Home/lib/src.zip!/jdk.unsupported.desktop" type="simple" />
            <root url="jar:///opt/homebrew/Cellar/openjdk/21.0.2/libexec/openjdk.jdk/Contents/Home/lib/src.zip!/jdk.internal.vm.compiler" type="simple" />
            <root url="jar:///opt/homebrew/Cellar/openjdk/21.0.2/libexec/openjdk.jdk/Contents/Home/lib/src.zip!/jdk.internal.vm.compiler.management" type="simple" />
          </root>
        </sourcePath>
      </roots>
    </jdk>
    <jdk version="2">
      <name value="Elixir 1.18.2-otp-27" />
      <type value="Elixir SDK" />
      <version value="1.18.2-otp-27" />
      <homePath value="$USER_HOME$/.asdf/installs/elixir/1.18.2-otp-27" />
      <roots>
        <annotationsPath>
          <root type="composite" />
        </annotationsPath>
        <classPath>
          <root type="composite">
            <root url="file://$USER_HOME$/.asdf/installs/elixir/1.18.2-otp-27/lib/logger/ebin" type="simple" />
            <root url="file://$USER_HOME$/.asdf/installs/elixir/1.18.2-otp-27/lib/elixir/ebin" type="simple" />
            <root url="file://$USER_HOME$/.asdf/installs/elixir/1.18.2-otp-27/lib/ex_unit/ebin" type="simple" />
            <root url="file://$USER_HOME$/.asdf/installs/elixir/1.18.2-otp-27/lib/mix/ebin" type="simple" />
            <root url="file://$USER_HOME$/.asdf/installs/elixir/1.18.2-otp-27/lib/eex/ebin" type="simple" />
            <root url="file://$USER_HOME$/.asdf/installs/elixir/1.18.2-otp-27/lib/iex/ebin" type="simple" />
            <root url="file://$USER_HOME$/.asdf/installs/erlang/26.2.2/lib/megaco-4.5/ebin" type="simple" />
            <root url="file://$USER_HOME$/.asdf/installs/erlang/26.2.2/lib/reltool-1.0/ebin" type="simple" />
            <root url="file://$USER_HOME$/.asdf/installs/erlang/26.2.2/lib/xmerl-1.3.34/ebin" type="simple" />
            <root url="file://$USER_HOME$/.asdf/installs/erlang/26.2.2/lib/snmp-5.15/ebin" type="simple" />
            <root url="file://$USER_HOME$/.asdf/installs/erlang/26.2.2/lib/os_mon-2.9.1/ebin" type="simple" />
            <root url="file://$USER_HOME$/.asdf/installs/erlang/26.2.2/lib/inets-9.1/ebin" type="simple" />
            <root url="file://$USER_HOME$/.asdf/installs/erlang/26.2.2/lib/et-1.7/ebin" type="simple" />
            <root url="file://$USER_HOME$/.asdf/installs/erlang/26.2.2/lib/dialyzer-5.1.2/ebin" type="simple" />
            <root url="file://$USER_HOME$/.asdf/installs/erlang/26.2.2/lib/public_key-1.15/ebin" type="simple" />
            <root url="file://$USER_HOME$/.asdf/installs/erlang/26.2.2/lib/crypto-5.4/ebin" type="simple" />
            <root url="file://$USER_HOME$/.asdf/installs/erlang/26.2.2/lib/debugger-5.3.3/ebin" type="simple" />
            <root url="file://$USER_HOME$/.asdf/installs/erlang/26.2.2/lib/diameter-2.3.1/ebin" type="simple" />
            <root url="file://$USER_HOME$/.asdf/installs/erlang/26.2.2/lib/wx-2.4/ebin" type="simple" />
            <root url="file://$USER_HOME$/.asdf/installs/erlang/26.2.2/lib/sasl-4.2.1/ebin" type="simple" />
            <root url="file://$USER_HOME$/.asdf/installs/erlang/26.2.2/lib/tools-3.6/ebin" type="simple" />
            <root url="file://$USER_HOME$/.asdf/installs/erlang/26.2.2/lib/erts-14.2.2/ebin" type="simple" />
            <root url="file://$USER_HOME$/.asdf/installs/erlang/26.2.2/lib/runtime_tools-2.0.1/ebin" type="simple" />
            <root url="file://$USER_HOME$/.asdf/installs/erlang/26.2.2/lib/asn1-5.2.1/ebin" type="simple" />
            <root url="file://$USER_HOME$/.asdf/installs/erlang/26.2.2/lib/compiler-8.4.1/ebin" type="simple" />
            <root url="file://$USER_HOME$/.asdf/installs/erlang/26.2.2/lib/tftp-1.1.1/ebin" type="simple" />
            <root url="file://$USER_HOME$/.asdf/installs/erlang/26.2.2/lib/observer-2.15.1/ebin" type="simple" />
            <root url="file://$USER_HOME$/.asdf/installs/erlang/26.2.2/lib/kernel-9.2.1/ebin" type="simple" />
            <root url="file://$USER_HOME$/.asdf/installs/erlang/26.2.2/lib/ftp-1.2.1/ebin" type="simple" />
            <root url="file://$USER_HOME$/.asdf/installs/erlang/26.2.2/lib/stdlib-5.2/ebin" type="simple" />
            <root url="file://$USER_HOME$/.asdf/installs/erlang/26.2.2/lib/erl_interface-5.5.1/ebin" type="simple" />
            <root url="file://$USER_HOME$/.asdf/installs/erlang/26.2.2/lib/common_test-1.26.1/ebin" type="simple" />
            <root url="file://$USER_HOME$/.asdf/installs/erlang/26.2.2/lib/ssl-11.1.1/ebin" type="simple" />
            <root url="file://$USER_HOME$/.asdf/installs/erlang/26.2.2/lib/eunit-2.9/ebin" type="simple" />
            <root url="file://$USER_HOME$/.asdf/installs/erlang/26.2.2/lib/eldap-1.2.12/ebin" type="simple" />
            <root url="file://$USER_HOME$/.asdf/installs/erlang/26.2.2/lib/syntax_tools-3.1/ebin" type="simple" />
            <root url="file://$USER_HOME$/.asdf/installs/erlang/26.2.2/lib/parsetools-2.5/ebin" type="simple" />
            <root url="file://$USER_HOME$/.asdf/installs/erlang/26.2.2/lib/mnesia-4.23/ebin" type="simple" />
            <root url="file://$USER_HOME$/.asdf/installs/erlang/26.2.2/lib/edoc-1.2.1/ebin" type="simple" />
            <root url="file://$USER_HOME$/.asdf/installs/erlang/26.2.2/lib/ssh-5.1.2/ebin" type="simple" />
            <root url="file://$USER_HOME$/.asdf/installs/erlang/26.2.2/lib/erl_docgen-1.5.2/ebin" type="simple" />
          </root>
        </classPath>
        <javadocPath>
          <root type="composite">
            <root url="https://hexdoc.pm/logger/1.18.2-otp-27" type="simple" />
            <root url="https://hexdoc.pm/elixir/1.18.2-otp-27" type="simple" />
            <root url="https://hexdoc.pm/ex_unit/1.18.2-otp-27" type="simple" />
            <root url="https://hexdoc.pm/mix/1.18.2-otp-27" type="simple" />
            <root url="https://hexdoc.pm/eex/1.18.2-otp-27" type="simple" />
            <root url="https://hexdoc.pm/iex/1.18.2-otp-27" type="simple" />
          </root>
        </javadocPath>
        <sourcePath>
          <root type="composite">
            <root url="file://$USER_HOME$/.asdf/installs/elixir/1.18.2-otp-27/lib/logger/lib" type="simple" />
            <root url="file://$USER_HOME$/.asdf/installs/elixir/1.18.2-otp-27/lib/elixir/lib" type="simple" />
            <root url="file://$USER_HOME$/.asdf/installs/elixir/1.18.2-otp-27/lib/ex_unit/lib" type="simple" />
            <root url="file://$USER_HOME$/.asdf/installs/elixir/1.18.2-otp-27/lib/mix/lib" type="simple" />
            <root url="file://$USER_HOME$/.asdf/installs/elixir/1.18.2-otp-27/lib/eex/lib" type="simple" />
            <root url="file://$USER_HOME$/.asdf/installs/elixir/1.18.2-otp-27/lib/iex/lib" type="simple" />
          </root>
        </sourcePath>
      </roots>
      <additional erlang-sdk-name="Erlang for Elixir 26" />
    </jdk>
    <jdk version="2">
      <name value="24" />
      <type value="JavaSDK" />
      <version value="java version &quot;24.0.1&quot;" />
      <homePath value="/opt/homebrew/Cellar/openjdk/24.0.1/libexec/openjdk.jdk/Contents/Home" />
      <roots>
        <annotationsPath>
          <root type="composite">
            <root url="jar://$APPLICATION_HOME_DIR$/plugins/java/lib/resources/jdkAnnotations.jar!/" type="simple" />
          </root>
        </annotationsPath>
        <classPath>
          <root type="composite">
            <root url="jrt:///opt/homebrew/Cellar/openjdk/24.0.1/libexec/openjdk.jdk/Contents/Home!/java.base" type="simple" />
            <root url="jrt:///opt/homebrew/Cellar/openjdk/24.0.1/libexec/openjdk.jdk/Contents/Home!/java.compiler" type="simple" />
            <root url="jrt:///opt/homebrew/Cellar/openjdk/24.0.1/libexec/openjdk.jdk/Contents/Home!/java.datatransfer" type="simple" />
            <root url="jrt:///opt/homebrew/Cellar/openjdk/24.0.1/libexec/openjdk.jdk/Contents/Home!/java.desktop" type="simple" />
            <root url="jrt:///opt/homebrew/Cellar/openjdk/24.0.1/libexec/openjdk.jdk/Contents/Home!/java.instrument" type="simple" />
            <root url="jrt:///opt/homebrew/Cellar/openjdk/24.0.1/libexec/openjdk.jdk/Contents/Home!/java.logging" type="simple" />
            <root url="jrt:///opt/homebrew/Cellar/openjdk/24.0.1/libexec/openjdk.jdk/Contents/Home!/java.management" type="simple" />
            <root url="jrt:///opt/homebrew/Cellar/openjdk/24.0.1/libexec/openjdk.jdk/Contents/Home!/java.management.rmi" type="simple" />
            <root url="jrt:///opt/homebrew/Cellar/openjdk/24.0.1/libexec/openjdk.jdk/Contents/Home!/java.naming" type="simple" />
            <root url="jrt:///opt/homebrew/Cellar/openjdk/24.0.1/libexec/openjdk.jdk/Contents/Home!/java.net.http" type="simple" />
            <root url="jrt:///opt/homebrew/Cellar/openjdk/24.0.1/libexec/openjdk.jdk/Contents/Home!/java.prefs" type="simple" />
            <root url="jrt:///opt/homebrew/Cellar/openjdk/24.0.1/libexec/openjdk.jdk/Contents/Home!/java.rmi" type="simple" />
            <root url="jrt:///opt/homebrew/Cellar/openjdk/24.0.1/libexec/openjdk.jdk/Contents/Home!/java.scripting" type="simple" />
            <root url="jrt:///opt/homebrew/Cellar/openjdk/24.0.1/libexec/openjdk.jdk/Contents/Home!/java.se" type="simple" />
            <root url="jrt:///opt/homebrew/Cellar/openjdk/24.0.1/libexec/openjdk.jdk/Contents/Home!/java.security.jgss" type="simple" />
            <root url="jrt:///opt/homebrew/Cellar/openjdk/24.0.1/libexec/openjdk.jdk/Contents/Home!/java.security.sasl" type="simple" />
            <root url="jrt:///opt/homebrew/Cellar/openjdk/24.0.1/libexec/openjdk.jdk/Contents/Home!/java.smartcardio" type="simple" />
            <root url="jrt:///opt/homebrew/Cellar/openjdk/24.0.1/libexec/openjdk.jdk/Contents/Home!/java.sql" type="simple" />
            <root url="jrt:///opt/homebrew/Cellar/openjdk/24.0.1/libexec/openjdk.jdk/Contents/Home!/java.sql.rowset" type="simple" />
            <root url="jrt:///opt/homebrew/Cellar/openjdk/24.0.1/libexec/openjdk.jdk/Contents/Home!/java.transaction.xa" type="simple" />
            <root url="jrt:///opt/homebrew/Cellar/openjdk/24.0.1/libexec/openjdk.jdk/Contents/Home!/java.xml" type="simple" />
            <root url="jrt:///opt/homebrew/Cellar/openjdk/24.0.1/libexec/openjdk.jdk/Contents/Home!/java.xml.crypto" type="simple" />
            <root url="jrt:///opt/homebrew/Cellar/openjdk/24.0.1/libexec/openjdk.jdk/Contents/Home!/jdk.accessibility" type="simple" />
            <root url="jrt:///opt/homebrew/Cellar/openjdk/24.0.1/libexec/openjdk.jdk/Contents/Home!/jdk.attach" type="simple" />
            <root url="jrt:///opt/homebrew/Cellar/openjdk/24.0.1/libexec/openjdk.jdk/Contents/Home!/jdk.charsets" type="simple" />
            <root url="jrt:///opt/homebrew/Cellar/openjdk/24.0.1/libexec/openjdk.jdk/Contents/Home!/jdk.compiler" type="simple" />
            <root url="jrt:///opt/homebrew/Cellar/openjdk/24.0.1/libexec/openjdk.jdk/Contents/Home!/jdk.crypto.cryptoki" type="simple" />
            <root url="jrt:///opt/homebrew/Cellar/openjdk/24.0.1/libexec/openjdk.jdk/Contents/Home!/jdk.crypto.ec" type="simple" />
            <root url="jrt:///opt/homebrew/Cellar/openjdk/24.0.1/libexec/openjdk.jdk/Contents/Home!/jdk.dynalink" type="simple" />
            <root url="jrt:///opt/homebrew/Cellar/openjdk/24.0.1/libexec/openjdk.jdk/Contents/Home!/jdk.editpad" type="simple" />
            <root url="jrt:///opt/homebrew/Cellar/openjdk/24.0.1/libexec/openjdk.jdk/Contents/Home!/jdk.graal.compiler" type="simple" />
            <root url="jrt:///opt/homebrew/Cellar/openjdk/24.0.1/libexec/openjdk.jdk/Contents/Home!/jdk.graal.compiler.management" type="simple" />
            <root url="jrt:///opt/homebrew/Cellar/openjdk/24.0.1/libexec/openjdk.jdk/Contents/Home!/jdk.hotspot.agent" type="simple" />
            <root url="jrt:///opt/homebrew/Cellar/openjdk/24.0.1/libexec/openjdk.jdk/Contents/Home!/jdk.httpserver" type="simple" />
            <root url="jrt:///opt/homebrew/Cellar/openjdk/24.0.1/libexec/openjdk.jdk/Contents/Home!/jdk.incubator.vector" type="simple" />
            <root url="jrt:///opt/homebrew/Cellar/openjdk/24.0.1/libexec/openjdk.jdk/Contents/Home!/jdk.internal.ed" type="simple" />
            <root url="jrt:///opt/homebrew/Cellar/openjdk/24.0.1/libexec/openjdk.jdk/Contents/Home!/jdk.internal.jvmstat" type="simple" />
            <root url="jrt:///opt/homebrew/Cellar/openjdk/24.0.1/libexec/openjdk.jdk/Contents/Home!/jdk.internal.le" type="simple" />
            <root url="jrt:///opt/homebrew/Cellar/openjdk/24.0.1/libexec/openjdk.jdk/Contents/Home!/jdk.internal.md" type="simple" />
            <root url="jrt:///opt/homebrew/Cellar/openjdk/24.0.1/libexec/openjdk.jdk/Contents/Home!/jdk.internal.opt" type="simple" />
            <root url="jrt:///opt/homebrew/Cellar/openjdk/24.0.1/libexec/openjdk.jdk/Contents/Home!/jdk.internal.vm.ci" type="simple" />
            <root url="jrt:///opt/homebrew/Cellar/openjdk/24.0.1/libexec/openjdk.jdk/Contents/Home!/jdk.jartool" type="simple" />
            <root url="jrt:///opt/homebrew/Cellar/openjdk/24.0.1/libexec/openjdk.jdk/Contents/Home!/jdk.javadoc" type="simple" />
            <root url="jrt:///opt/homebrew/Cellar/openjdk/24.0.1/libexec/openjdk.jdk/Contents/Home!/jdk.jcmd" type="simple" />
            <root url="jrt:///opt/homebrew/Cellar/openjdk/24.0.1/libexec/openjdk.jdk/Contents/Home!/jdk.jconsole" type="simple" />
            <root url="jrt:///opt/homebrew/Cellar/openjdk/24.0.1/libexec/openjdk.jdk/Contents/Home!/jdk.jdeps" type="simple" />
            <root url="jrt:///opt/homebrew/Cellar/openjdk/24.0.1/libexec/openjdk.jdk/Contents/Home!/jdk.jdi" type="simple" />
            <root url="jrt:///opt/homebrew/Cellar/openjdk/24.0.1/libexec/openjdk.jdk/Contents/Home!/jdk.jdwp.agent" type="simple" />
            <root url="jrt:///opt/homebrew/Cellar/openjdk/24.0.1/libexec/openjdk.jdk/Contents/Home!/jdk.jfr" type="simple" />
            <root url="jrt:///opt/homebrew/Cellar/openjdk/24.0.1/libexec/openjdk.jdk/Contents/Home!/jdk.jlink" type="simple" />
            <root url="jrt:///opt/homebrew/Cellar/openjdk/24.0.1/libexec/openjdk.jdk/Contents/Home!/jdk.jpackage" type="simple" />
            <root url="jrt:///opt/homebrew/Cellar/openjdk/24.0.1/libexec/openjdk.jdk/Contents/Home!/jdk.jshell" type="simple" />
            <root url="jrt:///opt/homebrew/Cellar/openjdk/24.0.1/libexec/openjdk.jdk/Contents/Home!/jdk.jsobject" type="simple" />
            <root url="jrt:///opt/homebrew/Cellar/openjdk/24.0.1/libexec/openjdk.jdk/Contents/Home!/jdk.jstatd" type="simple" />
            <root url="jrt:///opt/homebrew/Cellar/openjdk/24.0.1/libexec/openjdk.jdk/Contents/Home!/jdk.localedata" type="simple" />
            <root url="jrt:///opt/homebrew/Cellar/openjdk/24.0.1/libexec/openjdk.jdk/Contents/Home!/jdk.management" type="simple" />
            <root url="jrt:///opt/homebrew/Cellar/openjdk/24.0.1/libexec/openjdk.jdk/Contents/Home!/jdk.management.agent" type="simple" />
            <root url="jrt:///opt/homebrew/Cellar/openjdk/24.0.1/libexec/openjdk.jdk/Contents/Home!/jdk.management.jfr" type="simple" />
            <root url="jrt:///opt/homebrew/Cellar/openjdk/24.0.1/libexec/openjdk.jdk/Contents/Home!/jdk.naming.dns" type="simple" />
            <root url="jrt:///opt/homebrew/Cellar/openjdk/24.0.1/libexec/openjdk.jdk/Contents/Home!/jdk.naming.rmi" type="simple" />
            <root url="jrt:///opt/homebrew/Cellar/openjdk/24.0.1/libexec/openjdk.jdk/Contents/Home!/jdk.net" type="simple" />
            <root url="jrt:///opt/homebrew/Cellar/openjdk/24.0.1/libexec/openjdk.jdk/Contents/Home!/jdk.nio.mapmode" type="simple" />
            <root url="jrt:///opt/homebrew/Cellar/openjdk/24.0.1/libexec/openjdk.jdk/Contents/Home!/jdk.sctp" type="simple" />
            <root url="jrt:///opt/homebrew/Cellar/openjdk/24.0.1/libexec/openjdk.jdk/Contents/Home!/jdk.security.auth" type="simple" />
            <root url="jrt:///opt/homebrew/Cellar/openjdk/24.0.1/libexec/openjdk.jdk/Contents/Home!/jdk.security.jgss" type="simple" />
            <root url="jrt:///opt/homebrew/Cellar/openjdk/24.0.1/libexec/openjdk.jdk/Contents/Home!/jdk.unsupported" type="simple" />
            <root url="jrt:///opt/homebrew/Cellar/openjdk/24.0.1/libexec/openjdk.jdk/Contents/Home!/jdk.unsupported.desktop" type="simple" />
            <root url="jrt:///opt/homebrew/Cellar/openjdk/24.0.1/libexec/openjdk.jdk/Contents/Home!/jdk.xml.dom" type="simple" />
            <root url="jrt:///opt/homebrew/Cellar/openjdk/24.0.1/libexec/openjdk.jdk/Contents/Home!/jdk.zipfs" type="simple" />
          </root>
        </classPath>
        <javadocPath>
          <root type="composite" />
        </javadocPath>
        <sourcePath>
          <root type="composite">
            <root url="jar:///opt/homebrew/Cellar/openjdk/24.0.1/libexec/openjdk.jdk/Contents/Home/lib/src.zip!/java.se" type="simple" />
            <root url="jar:///opt/homebrew/Cellar/openjdk/24.0.1/libexec/openjdk.jdk/Contents/Home/lib/src.zip!/jdk.jdi" type="simple" />
            <root url="jar:///opt/homebrew/Cellar/openjdk/24.0.1/libexec/openjdk.jdk/Contents/Home/lib/src.zip!/jdk.jfr" type="simple" />
            <root url="jar:///opt/homebrew/Cellar/openjdk/24.0.1/libexec/openjdk.jdk/Contents/Home/lib/src.zip!/jdk.net" type="simple" />
            <root url="jar:///opt/homebrew/Cellar/openjdk/24.0.1/libexec/openjdk.jdk/Contents/Home/lib/src.zip!/java.rmi" type="simple" />
            <root url="jar:///opt/homebrew/Cellar/openjdk/24.0.1/libexec/openjdk.jdk/Contents/Home/lib/src.zip!/java.sql" type="simple" />
            <root url="jar:///opt/homebrew/Cellar/openjdk/24.0.1/libexec/openjdk.jdk/Contents/Home/lib/src.zip!/java.xml" type="simple" />
            <root url="jar:///opt/homebrew/Cellar/openjdk/24.0.1/libexec/openjdk.jdk/Contents/Home/lib/src.zip!/jdk.jcmd" type="simple" />
            <root url="jar:///opt/homebrew/Cellar/openjdk/24.0.1/libexec/openjdk.jdk/Contents/Home/lib/src.zip!/jdk.sctp" type="simple" />
            <root url="jar:///opt/homebrew/Cellar/openjdk/24.0.1/libexec/openjdk.jdk/Contents/Home/lib/src.zip!/java.base" type="simple" />
            <root url="jar:///opt/homebrew/Cellar/openjdk/24.0.1/libexec/openjdk.jdk/Contents/Home/lib/src.zip!/jdk.jdeps" type="simple" />
            <root url="jar:///opt/homebrew/Cellar/openjdk/24.0.1/libexec/openjdk.jdk/Contents/Home/lib/src.zip!/jdk.jlink" type="simple" />
            <root url="jar:///opt/homebrew/Cellar/openjdk/24.0.1/libexec/openjdk.jdk/Contents/Home/lib/src.zip!/jdk.zipfs" type="simple" />
            <root url="jar:///opt/homebrew/Cellar/openjdk/24.0.1/libexec/openjdk.jdk/Contents/Home/lib/src.zip!/java.prefs" type="simple" />
            <root url="jar:///opt/homebrew/Cellar/openjdk/24.0.1/libexec/openjdk.jdk/Contents/Home/lib/src.zip!/jdk.attach" type="simple" />
            <root url="jar:///opt/homebrew/Cellar/openjdk/24.0.1/libexec/openjdk.jdk/Contents/Home/lib/src.zip!/jdk.jshell" type="simple" />
            <root url="jar:///opt/homebrew/Cellar/openjdk/24.0.1/libexec/openjdk.jdk/Contents/Home/lib/src.zip!/jdk.jstatd" type="simple" />
            <root url="jar:///opt/homebrew/Cellar/openjdk/24.0.1/libexec/openjdk.jdk/Contents/Home/lib/src.zip!/java.naming" type="simple" />
            <root url="jar:///opt/homebrew/Cellar/openjdk/24.0.1/libexec/openjdk.jdk/Contents/Home/lib/src.zip!/jdk.editpad" type="simple" />
            <root url="jar:///opt/homebrew/Cellar/openjdk/24.0.1/libexec/openjdk.jdk/Contents/Home/lib/src.zip!/jdk.jartool" type="simple" />
            <root url="jar:///opt/homebrew/Cellar/openjdk/24.0.1/libexec/openjdk.jdk/Contents/Home/lib/src.zip!/jdk.javadoc" type="simple" />
            <root url="jar:///opt/homebrew/Cellar/openjdk/24.0.1/libexec/openjdk.jdk/Contents/Home/lib/src.zip!/jdk.xml.dom" type="simple" />
            <root url="jar:///opt/homebrew/Cellar/openjdk/24.0.1/libexec/openjdk.jdk/Contents/Home/lib/src.zip!/java.desktop" type="simple" />
            <root url="jar:///opt/homebrew/Cellar/openjdk/24.0.1/libexec/openjdk.jdk/Contents/Home/lib/src.zip!/java.logging" type="simple" />
            <root url="jar:///opt/homebrew/Cellar/openjdk/24.0.1/libexec/openjdk.jdk/Contents/Home/lib/src.zip!/jdk.charsets" type="simple" />
            <root url="jar:///opt/homebrew/Cellar/openjdk/24.0.1/libexec/openjdk.jdk/Contents/Home/lib/src.zip!/jdk.compiler" type="simple" />
            <root url="jar:///opt/homebrew/Cellar/openjdk/24.0.1/libexec/openjdk.jdk/Contents/Home/lib/src.zip!/jdk.dynalink" type="simple" />
            <root url="jar:///opt/homebrew/Cellar/openjdk/24.0.1/libexec/openjdk.jdk/Contents/Home/lib/src.zip!/jdk.jconsole" type="simple" />
            <root url="jar:///opt/homebrew/Cellar/openjdk/24.0.1/libexec/openjdk.jdk/Contents/Home/lib/src.zip!/jdk.jpackage" type="simple" />
            <root url="jar:///opt/homebrew/Cellar/openjdk/24.0.1/libexec/openjdk.jdk/Contents/Home/lib/src.zip!/jdk.jsobject" type="simple" />
            <root url="jar:///opt/homebrew/Cellar/openjdk/24.0.1/libexec/openjdk.jdk/Contents/Home/lib/src.zip!/java.compiler" type="simple" />
            <root url="jar:///opt/homebrew/Cellar/openjdk/24.0.1/libexec/openjdk.jdk/Contents/Home/lib/src.zip!/java.net.http" type="simple" />
            <root url="jar:///opt/homebrew/Cellar/openjdk/24.0.1/libexec/openjdk.jdk/Contents/Home/lib/src.zip!/jdk.crypto.ec" type="simple" />
            <root url="jar:///opt/homebrew/Cellar/openjdk/24.0.1/libexec/openjdk.jdk/Contents/Home/lib/src.zip!/java.scripting" type="simple" />
            <root url="jar:///opt/homebrew/Cellar/openjdk/24.0.1/libexec/openjdk.jdk/Contents/Home/lib/src.zip!/jdk.httpserver" type="simple" />
            <root url="jar:///opt/homebrew/Cellar/openjdk/24.0.1/libexec/openjdk.jdk/Contents/Home/lib/src.zip!/jdk.jdwp.agent" type="simple" />
            <root url="jar:///opt/homebrew/Cellar/openjdk/24.0.1/libexec/openjdk.jdk/Contents/Home/lib/src.zip!/jdk.localedata" type="simple" />
            <root url="jar:///opt/homebrew/Cellar/openjdk/24.0.1/libexec/openjdk.jdk/Contents/Home/lib/src.zip!/jdk.management" type="simple" />
            <root url="jar:///opt/homebrew/Cellar/openjdk/24.0.1/libexec/openjdk.jdk/Contents/Home/lib/src.zip!/jdk.naming.dns" type="simple" />
            <root url="jar:///opt/homebrew/Cellar/openjdk/24.0.1/libexec/openjdk.jdk/Contents/Home/lib/src.zip!/jdk.naming.rmi" type="simple" />
            <root url="jar:///opt/homebrew/Cellar/openjdk/24.0.1/libexec/openjdk.jdk/Contents/Home/lib/src.zip!/java.instrument" type="simple" />
            <root url="jar:///opt/homebrew/Cellar/openjdk/24.0.1/libexec/openjdk.jdk/Contents/Home/lib/src.zip!/java.management" type="simple" />
            <root url="jar:///opt/homebrew/Cellar/openjdk/24.0.1/libexec/openjdk.jdk/Contents/Home/lib/src.zip!/java.sql.rowset" type="simple" />
            <root url="jar:///opt/homebrew/Cellar/openjdk/24.0.1/libexec/openjdk.jdk/Contents/Home/lib/src.zip!/java.xml.crypto" type="simple" />
            <root url="jar:///opt/homebrew/Cellar/openjdk/24.0.1/libexec/openjdk.jdk/Contents/Home/lib/src.zip!/jdk.internal.ed" type="simple" />
            <root url="jar:///opt/homebrew/Cellar/openjdk/24.0.1/libexec/openjdk.jdk/Contents/Home/lib/src.zip!/jdk.internal.le" type="simple" />
            <root url="jar:///opt/homebrew/Cellar/openjdk/24.0.1/libexec/openjdk.jdk/Contents/Home/lib/src.zip!/jdk.internal.md" type="simple" />
            <root url="jar:///opt/homebrew/Cellar/openjdk/24.0.1/libexec/openjdk.jdk/Contents/Home/lib/src.zip!/jdk.nio.mapmode" type="simple" />
            <root url="jar:///opt/homebrew/Cellar/openjdk/24.0.1/libexec/openjdk.jdk/Contents/Home/lib/src.zip!/jdk.unsupported" type="simple" />
            <root url="jar:///opt/homebrew/Cellar/openjdk/24.0.1/libexec/openjdk.jdk/Contents/Home/lib/src.zip!/java.smartcardio" type="simple" />
            <root url="jar:///opt/homebrew/Cellar/openjdk/24.0.1/libexec/openjdk.jdk/Contents/Home/lib/src.zip!/jdk.internal.opt" type="simple" />
            <root url="jar:///opt/homebrew/Cellar/openjdk/24.0.1/libexec/openjdk.jdk/Contents/Home/lib/src.zip!/java.datatransfer" type="simple" />
            <root url="jar:///opt/homebrew/Cellar/openjdk/24.0.1/libexec/openjdk.jdk/Contents/Home/lib/src.zip!/jdk.accessibility" type="simple" />
            <root url="jar:///opt/homebrew/Cellar/openjdk/24.0.1/libexec/openjdk.jdk/Contents/Home/lib/src.zip!/jdk.hotspot.agent" type="simple" />
            <root url="jar:///opt/homebrew/Cellar/openjdk/24.0.1/libexec/openjdk.jdk/Contents/Home/lib/src.zip!/jdk.security.auth" type="simple" />
            <root url="jar:///opt/homebrew/Cellar/openjdk/24.0.1/libexec/openjdk.jdk/Contents/Home/lib/src.zip!/jdk.security.jgss" type="simple" />
            <root url="jar:///opt/homebrew/Cellar/openjdk/24.0.1/libexec/openjdk.jdk/Contents/Home/lib/src.zip!/java.security.jgss" type="simple" />
            <root url="jar:///opt/homebrew/Cellar/openjdk/24.0.1/libexec/openjdk.jdk/Contents/Home/lib/src.zip!/java.security.sasl" type="simple" />
            <root url="jar:///opt/homebrew/Cellar/openjdk/24.0.1/libexec/openjdk.jdk/Contents/Home/lib/src.zip!/jdk.graal.compiler" type="simple" />
            <root url="jar:///opt/homebrew/Cellar/openjdk/24.0.1/libexec/openjdk.jdk/Contents/Home/lib/src.zip!/jdk.internal.vm.ci" type="simple" />
            <root url="jar:///opt/homebrew/Cellar/openjdk/24.0.1/libexec/openjdk.jdk/Contents/Home/lib/src.zip!/jdk.management.jfr" type="simple" />
            <root url="jar:///opt/homebrew/Cellar/openjdk/24.0.1/libexec/openjdk.jdk/Contents/Home/lib/src.zip!/java.management.rmi" type="simple" />
            <root url="jar:///opt/homebrew/Cellar/openjdk/24.0.1/libexec/openjdk.jdk/Contents/Home/lib/src.zip!/java.transaction.xa" type="simple" />
            <root url="jar:///opt/homebrew/Cellar/openjdk/24.0.1/libexec/openjdk.jdk/Contents/Home/lib/src.zip!/jdk.crypto.cryptoki" type="simple" />
            <root url="jar:///opt/homebrew/Cellar/openjdk/24.0.1/libexec/openjdk.jdk/Contents/Home/lib/src.zip!/jdk.incubator.vector" type="simple" />
            <root url="jar:///opt/homebrew/Cellar/openjdk/24.0.1/libexec/openjdk.jdk/Contents/Home/lib/src.zip!/jdk.internal.jvmstat" type="simple" />
            <root url="jar:///opt/homebrew/Cellar/openjdk/24.0.1/libexec/openjdk.jdk/Contents/Home/lib/src.zip!/jdk.management.agent" type="simple" />
            <root url="jar:///opt/homebrew/Cellar/openjdk/24.0.1/libexec/openjdk.jdk/Contents/Home/lib/src.zip!/jdk.unsupported.desktop" type="simple" />
            <root url="jar:///opt/homebrew/Cellar/openjdk/24.0.1/libexec/openjdk.jdk/Contents/Home/lib/src.zip!/jdk.graal.compiler.management" type="simple" />
          </root>
        </sourcePath>
      </roots>
    </jdk>
    <jdk version="2">
      <name value="24 (2)" />
      <type value="JavaSDK" />
      <version value="java version &quot;24.0.2&quot;" />
      <homePath value="/opt/homebrew/opt/java/libexec/openjdk.jdk/Contents/Home" />
      <roots>
        <annotationsPath>
          <root type="composite">
            <root url="jar://$APPLICATION_HOME_DIR$/plugins/java/lib/resources/jdkAnnotations.jar!/" type="simple" />
          </root>
        </annotationsPath>
        <classPath>
          <root type="composite">
            <root url="jrt:///opt/homebrew/opt/java/libexec/openjdk.jdk/Contents/Home!/java.base" type="simple" />
            <root url="jrt:///opt/homebrew/opt/java/libexec/openjdk.jdk/Contents/Home!/java.compiler" type="simple" />
            <root url="jrt:///opt/homebrew/opt/java/libexec/openjdk.jdk/Contents/Home!/java.datatransfer" type="simple" />
            <root url="jrt:///opt/homebrew/opt/java/libexec/openjdk.jdk/Contents/Home!/java.desktop" type="simple" />
            <root url="jrt:///opt/homebrew/opt/java/libexec/openjdk.jdk/Contents/Home!/java.instrument" type="simple" />
            <root url="jrt:///opt/homebrew/opt/java/libexec/openjdk.jdk/Contents/Home!/java.logging" type="simple" />
            <root url="jrt:///opt/homebrew/opt/java/libexec/openjdk.jdk/Contents/Home!/java.management" type="simple" />
            <root url="jrt:///opt/homebrew/opt/java/libexec/openjdk.jdk/Contents/Home!/java.management.rmi" type="simple" />
            <root url="jrt:///opt/homebrew/opt/java/libexec/openjdk.jdk/Contents/Home!/java.naming" type="simple" />
            <root url="jrt:///opt/homebrew/opt/java/libexec/openjdk.jdk/Contents/Home!/java.net.http" type="simple" />
            <root url="jrt:///opt/homebrew/opt/java/libexec/openjdk.jdk/Contents/Home!/java.prefs" type="simple" />
            <root url="jrt:///opt/homebrew/opt/java/libexec/openjdk.jdk/Contents/Home!/java.rmi" type="simple" />
            <root url="jrt:///opt/homebrew/opt/java/libexec/openjdk.jdk/Contents/Home!/java.scripting" type="simple" />
            <root url="jrt:///opt/homebrew/opt/java/libexec/openjdk.jdk/Contents/Home!/java.se" type="simple" />
            <root url="jrt:///opt/homebrew/opt/java/libexec/openjdk.jdk/Contents/Home!/java.security.jgss" type="simple" />
            <root url="jrt:///opt/homebrew/opt/java/libexec/openjdk.jdk/Contents/Home!/java.security.sasl" type="simple" />
            <root url="jrt:///opt/homebrew/opt/java/libexec/openjdk.jdk/Contents/Home!/java.smartcardio" type="simple" />
            <root url="jrt:///opt/homebrew/opt/java/libexec/openjdk.jdk/Contents/Home!/java.sql" type="simple" />
            <root url="jrt:///opt/homebrew/opt/java/libexec/openjdk.jdk/Contents/Home!/java.sql.rowset" type="simple" />
            <root url="jrt:///opt/homebrew/opt/java/libexec/openjdk.jdk/Contents/Home!/java.transaction.xa" type="simple" />
            <root url="jrt:///opt/homebrew/opt/java/libexec/openjdk.jdk/Contents/Home!/java.xml" type="simple" />
            <root url="jrt:///opt/homebrew/opt/java/libexec/openjdk.jdk/Contents/Home!/java.xml.crypto" type="simple" />
            <root url="jrt:///opt/homebrew/opt/java/libexec/openjdk.jdk/Contents/Home!/jdk.accessibility" type="simple" />
            <root url="jrt:///opt/homebrew/opt/java/libexec/openjdk.jdk/Contents/Home!/jdk.attach" type="simple" />
            <root url="jrt:///opt/homebrew/opt/java/libexec/openjdk.jdk/Contents/Home!/jdk.charsets" type="simple" />
            <root url="jrt:///opt/homebrew/opt/java/libexec/openjdk.jdk/Contents/Home!/jdk.compiler" type="simple" />
            <root url="jrt:///opt/homebrew/opt/java/libexec/openjdk.jdk/Contents/Home!/jdk.crypto.cryptoki" type="simple" />
            <root url="jrt:///opt/homebrew/opt/java/libexec/openjdk.jdk/Contents/Home!/jdk.crypto.ec" type="simple" />
            <root url="jrt:///opt/homebrew/opt/java/libexec/openjdk.jdk/Contents/Home!/jdk.dynalink" type="simple" />
            <root url="jrt:///opt/homebrew/opt/java/libexec/openjdk.jdk/Contents/Home!/jdk.editpad" type="simple" />
            <root url="jrt:///opt/homebrew/opt/java/libexec/openjdk.jdk/Contents/Home!/jdk.graal.compiler" type="simple" />
            <root url="jrt:///opt/homebrew/opt/java/libexec/openjdk.jdk/Contents/Home!/jdk.graal.compiler.management" type="simple" />
            <root url="jrt:///opt/homebrew/opt/java/libexec/openjdk.jdk/Contents/Home!/jdk.hotspot.agent" type="simple" />
            <root url="jrt:///opt/homebrew/opt/java/libexec/openjdk.jdk/Contents/Home!/jdk.httpserver" type="simple" />
            <root url="jrt:///opt/homebrew/opt/java/libexec/openjdk.jdk/Contents/Home!/jdk.incubator.vector" type="simple" />
            <root url="jrt:///opt/homebrew/opt/java/libexec/openjdk.jdk/Contents/Home!/jdk.internal.ed" type="simple" />
            <root url="jrt:///opt/homebrew/opt/java/libexec/openjdk.jdk/Contents/Home!/jdk.internal.jvmstat" type="simple" />
            <root url="jrt:///opt/homebrew/opt/java/libexec/openjdk.jdk/Contents/Home!/jdk.internal.le" type="simple" />
            <root url="jrt:///opt/homebrew/opt/java/libexec/openjdk.jdk/Contents/Home!/jdk.internal.md" type="simple" />
            <root url="jrt:///opt/homebrew/opt/java/libexec/openjdk.jdk/Contents/Home!/jdk.internal.opt" type="simple" />
            <root url="jrt:///opt/homebrew/opt/java/libexec/openjdk.jdk/Contents/Home!/jdk.internal.vm.ci" type="simple" />
            <root url="jrt:///opt/homebrew/opt/java/libexec/openjdk.jdk/Contents/Home!/jdk.jartool" type="simple" />
            <root url="jrt:///opt/homebrew/opt/java/libexec/openjdk.jdk/Contents/Home!/jdk.javadoc" type="simple" />
            <root url="jrt:///opt/homebrew/opt/java/libexec/openjdk.jdk/Contents/Home!/jdk.jcmd" type="simple" />
            <root url="jrt:///opt/homebrew/opt/java/libexec/openjdk.jdk/Contents/Home!/jdk.jconsole" type="simple" />
            <root url="jrt:///opt/homebrew/opt/java/libexec/openjdk.jdk/Contents/Home!/jdk.jdeps" type="simple" />
            <root url="jrt:///opt/homebrew/opt/java/libexec/openjdk.jdk/Contents/Home!/jdk.jdi" type="simple" />
            <root url="jrt:///opt/homebrew/opt/java/libexec/openjdk.jdk/Contents/Home!/jdk.jdwp.agent" type="simple" />
            <root url="jrt:///opt/homebrew/opt/java/libexec/openjdk.jdk/Contents/Home!/jdk.jfr" type="simple" />
            <root url="jrt:///opt/homebrew/opt/java/libexec/openjdk.jdk/Contents/Home!/jdk.jlink" type="simple" />
            <root url="jrt:///opt/homebrew/opt/java/libexec/openjdk.jdk/Contents/Home!/jdk.jpackage" type="simple" />
            <root url="jrt:///opt/homebrew/opt/java/libexec/openjdk.jdk/Contents/Home!/jdk.jshell" type="simple" />
            <root url="jrt:///opt/homebrew/opt/java/libexec/openjdk.jdk/Contents/Home!/jdk.jsobject" type="simple" />
            <root url="jrt:///opt/homebrew/opt/java/libexec/openjdk.jdk/Contents/Home!/jdk.jstatd" type="simple" />
            <root url="jrt:///opt/homebrew/opt/java/libexec/openjdk.jdk/Contents/Home!/jdk.localedata" type="simple" />
            <root url="jrt:///opt/homebrew/opt/java/libexec/openjdk.jdk/Contents/Home!/jdk.management" type="simple" />
            <root url="jrt:///opt/homebrew/opt/java/libexec/openjdk.jdk/Contents/Home!/jdk.management.agent" type="simple" />
            <root url="jrt:///opt/homebrew/opt/java/libexec/openjdk.jdk/Contents/Home!/jdk.management.jfr" type="simple" />
            <root url="jrt:///opt/homebrew/opt/java/libexec/openjdk.jdk/Contents/Home!/jdk.naming.dns" type="simple" />
            <root url="jrt:///opt/homebrew/opt/java/libexec/openjdk.jdk/Contents/Home!/jdk.naming.rmi" type="simple" />
            <root url="jrt:///opt/homebrew/opt/java/libexec/openjdk.jdk/Contents/Home!/jdk.net" type="simple" />
            <root url="jrt:///opt/homebrew/opt/java/libexec/openjdk.jdk/Contents/Home!/jdk.nio.mapmode" type="simple" />
            <root url="jrt:///opt/homebrew/opt/java/libexec/openjdk.jdk/Contents/Home!/jdk.sctp" type="simple" />
            <root url="jrt:///opt/homebrew/opt/java/libexec/openjdk.jdk/Contents/Home!/jdk.security.auth" type="simple" />
            <root url="jrt:///opt/homebrew/opt/java/libexec/openjdk.jdk/Contents/Home!/jdk.security.jgss" type="simple" />
            <root url="jrt:///opt/homebrew/opt/java/libexec/openjdk.jdk/Contents/Home!/jdk.unsupported" type="simple" />
            <root url="jrt:///opt/homebrew/opt/java/libexec/openjdk.jdk/Contents/Home!/jdk.unsupported.desktop" type="simple" />
            <root url="jrt:///opt/homebrew/opt/java/libexec/openjdk.jdk/Contents/Home!/jdk.xml.dom" type="simple" />
            <root url="jrt:///opt/homebrew/opt/java/libexec/openjdk.jdk/Contents/Home!/jdk.zipfs" type="simple" />
          </root>
        </classPath>
        <javadocPath>
          <root type="composite" />
        </javadocPath>
        <sourcePath>
          <root type="composite">
            <root url="jar:///opt/homebrew/opt/java/libexec/openjdk.jdk/Contents/Home/lib/src.zip!/java.se" type="simple" />
            <root url="jar:///opt/homebrew/opt/java/libexec/openjdk.jdk/Contents/Home/lib/src.zip!/jdk.jdi" type="simple" />
            <root url="jar:///opt/homebrew/opt/java/libexec/openjdk.jdk/Contents/Home/lib/src.zip!/jdk.jfr" type="simple" />
            <root url="jar:///opt/homebrew/opt/java/libexec/openjdk.jdk/Contents/Home/lib/src.zip!/jdk.net" type="simple" />
            <root url="jar:///opt/homebrew/opt/java/libexec/openjdk.jdk/Contents/Home/lib/src.zip!/java.rmi" type="simple" />
            <root url="jar:///opt/homebrew/opt/java/libexec/openjdk.jdk/Contents/Home/lib/src.zip!/java.sql" type="simple" />
            <root url="jar:///opt/homebrew/opt/java/libexec/openjdk.jdk/Contents/Home/lib/src.zip!/java.xml" type="simple" />
            <root url="jar:///opt/homebrew/opt/java/libexec/openjdk.jdk/Contents/Home/lib/src.zip!/jdk.jcmd" type="simple" />
            <root url="jar:///opt/homebrew/opt/java/libexec/openjdk.jdk/Contents/Home/lib/src.zip!/jdk.sctp" type="simple" />
            <root url="jar:///opt/homebrew/opt/java/libexec/openjdk.jdk/Contents/Home/lib/src.zip!/java.base" type="simple" />
            <root url="jar:///opt/homebrew/opt/java/libexec/openjdk.jdk/Contents/Home/lib/src.zip!/jdk.jdeps" type="simple" />
            <root url="jar:///opt/homebrew/opt/java/libexec/openjdk.jdk/Contents/Home/lib/src.zip!/jdk.jlink" type="simple" />
            <root url="jar:///opt/homebrew/opt/java/libexec/openjdk.jdk/Contents/Home/lib/src.zip!/jdk.zipfs" type="simple" />
            <root url="jar:///opt/homebrew/opt/java/libexec/openjdk.jdk/Contents/Home/lib/src.zip!/java.prefs" type="simple" />
            <root url="jar:///opt/homebrew/opt/java/libexec/openjdk.jdk/Contents/Home/lib/src.zip!/jdk.attach" type="simple" />
            <root url="jar:///opt/homebrew/opt/java/libexec/openjdk.jdk/Contents/Home/lib/src.zip!/jdk.jshell" type="simple" />
            <root url="jar:///opt/homebrew/opt/java/libexec/openjdk.jdk/Contents/Home/lib/src.zip!/jdk.jstatd" type="simple" />
            <root url="jar:///opt/homebrew/opt/java/libexec/openjdk.jdk/Contents/Home/lib/src.zip!/java.naming" type="simple" />
            <root url="jar:///opt/homebrew/opt/java/libexec/openjdk.jdk/Contents/Home/lib/src.zip!/jdk.editpad" type="simple" />
            <root url="jar:///opt/homebrew/opt/java/libexec/openjdk.jdk/Contents/Home/lib/src.zip!/jdk.jartool" type="simple" />
            <root url="jar:///opt/homebrew/opt/java/libexec/openjdk.jdk/Contents/Home/lib/src.zip!/jdk.javadoc" type="simple" />
            <root url="jar:///opt/homebrew/opt/java/libexec/openjdk.jdk/Contents/Home/lib/src.zip!/jdk.xml.dom" type="simple" />
            <root url="jar:///opt/homebrew/opt/java/libexec/openjdk.jdk/Contents/Home/lib/src.zip!/java.desktop" type="simple" />
            <root url="jar:///opt/homebrew/opt/java/libexec/openjdk.jdk/Contents/Home/lib/src.zip!/java.logging" type="simple" />
            <root url="jar:///opt/homebrew/opt/java/libexec/openjdk.jdk/Contents/Home/lib/src.zip!/jdk.charsets" type="simple" />
            <root url="jar:///opt/homebrew/opt/java/libexec/openjdk.jdk/Contents/Home/lib/src.zip!/jdk.compiler" type="simple" />
            <root url="jar:///opt/homebrew/opt/java/libexec/openjdk.jdk/Contents/Home/lib/src.zip!/jdk.dynalink" type="simple" />
            <root url="jar:///opt/homebrew/opt/java/libexec/openjdk.jdk/Contents/Home/lib/src.zip!/jdk.jconsole" type="simple" />
            <root url="jar:///opt/homebrew/opt/java/libexec/openjdk.jdk/Contents/Home/lib/src.zip!/jdk.jpackage" type="simple" />
            <root url="jar:///opt/homebrew/opt/java/libexec/openjdk.jdk/Contents/Home/lib/src.zip!/jdk.jsobject" type="simple" />
            <root url="jar:///opt/homebrew/opt/java/libexec/openjdk.jdk/Contents/Home/lib/src.zip!/java.compiler" type="simple" />
            <root url="jar:///opt/homebrew/opt/java/libexec/openjdk.jdk/Contents/Home/lib/src.zip!/java.net.http" type="simple" />
            <root url="jar:///opt/homebrew/opt/java/libexec/openjdk.jdk/Contents/Home/lib/src.zip!/jdk.crypto.ec" type="simple" />
            <root url="jar:///opt/homebrew/opt/java/libexec/openjdk.jdk/Contents/Home/lib/src.zip!/java.scripting" type="simple" />
            <root url="jar:///opt/homebrew/opt/java/libexec/openjdk.jdk/Contents/Home/lib/src.zip!/jdk.httpserver" type="simple" />
            <root url="jar:///opt/homebrew/opt/java/libexec/openjdk.jdk/Contents/Home/lib/src.zip!/jdk.jdwp.agent" type="simple" />
            <root url="jar:///opt/homebrew/opt/java/libexec/openjdk.jdk/Contents/Home/lib/src.zip!/jdk.localedata" type="simple" />
            <root url="jar:///opt/homebrew/opt/java/libexec/openjdk.jdk/Contents/Home/lib/src.zip!/jdk.management" type="simple" />
            <root url="jar:///opt/homebrew/opt/java/libexec/openjdk.jdk/Contents/Home/lib/src.zip!/jdk.naming.dns" type="simple" />
            <root url="jar:///opt/homebrew/opt/java/libexec/openjdk.jdk/Contents/Home/lib/src.zip!/jdk.naming.rmi" type="simple" />
            <root url="jar:///opt/homebrew/opt/java/libexec/openjdk.jdk/Contents/Home/lib/src.zip!/java.instrument" type="simple" />
            <root url="jar:///opt/homebrew/opt/java/libexec/openjdk.jdk/Contents/Home/lib/src.zip!/java.management" type="simple" />
            <root url="jar:///opt/homebrew/opt/java/libexec/openjdk.jdk/Contents/Home/lib/src.zip!/java.sql.rowset" type="simple" />
            <root url="jar:///opt/homebrew/opt/java/libexec/openjdk.jdk/Contents/Home/lib/src.zip!/java.xml.crypto" type="simple" />
            <root url="jar:///opt/homebrew/opt/java/libexec/openjdk.jdk/Contents/Home/lib/src.zip!/jdk.internal.ed" type="simple" />
            <root url="jar:///opt/homebrew/opt/java/libexec/openjdk.jdk/Contents/Home/lib/src.zip!/jdk.internal.le" type="simple" />
            <root url="jar:///opt/homebrew/opt/java/libexec/openjdk.jdk/Contents/Home/lib/src.zip!/jdk.internal.md" type="simple" />
            <root url="jar:///opt/homebrew/opt/java/libexec/openjdk.jdk/Contents/Home/lib/src.zip!/jdk.nio.mapmode" type="simple" />
            <root url="jar:///opt/homebrew/opt/java/libexec/openjdk.jdk/Contents/Home/lib/src.zip!/jdk.unsupported" type="simple" />
            <root url="jar:///opt/homebrew/opt/java/libexec/openjdk.jdk/Contents/Home/lib/src.zip!/java.smartcardio" type="simple" />
            <root url="jar:///opt/homebrew/opt/java/libexec/openjdk.jdk/Contents/Home/lib/src.zip!/jdk.internal.opt" type="simple" />
            <root url="jar:///opt/homebrew/opt/java/libexec/openjdk.jdk/Contents/Home/lib/src.zip!/java.datatransfer" type="simple" />
            <root url="jar:///opt/homebrew/opt/java/libexec/openjdk.jdk/Contents/Home/lib/src.zip!/jdk.accessibility" type="simple" />
            <root url="jar:///opt/homebrew/opt/java/libexec/openjdk.jdk/Contents/Home/lib/src.zip!/jdk.hotspot.agent" type="simple" />
            <root url="jar:///opt/homebrew/opt/java/libexec/openjdk.jdk/Contents/Home/lib/src.zip!/jdk.security.auth" type="simple" />
            <root url="jar:///opt/homebrew/opt/java/libexec/openjdk.jdk/Contents/Home/lib/src.zip!/jdk.security.jgss" type="simple" />
            <root url="jar:///opt/homebrew/opt/java/libexec/openjdk.jdk/Contents/Home/lib/src.zip!/java.security.jgss" type="simple" />
            <root url="jar:///opt/homebrew/opt/java/libexec/openjdk.jdk/Contents/Home/lib/src.zip!/java.security.sasl" type="simple" />
            <root url="jar:///opt/homebrew/opt/java/libexec/openjdk.jdk/Contents/Home/lib/src.zip!/jdk.graal.compiler" type="simple" />
            <root url="jar:///opt/homebrew/opt/java/libexec/openjdk.jdk/Contents/Home/lib/src.zip!/jdk.internal.vm.ci" type="simple" />
            <root url="jar:///opt/homebrew/opt/java/libexec/openjdk.jdk/Contents/Home/lib/src.zip!/jdk.management.jfr" type="simple" />
            <root url="jar:///opt/homebrew/opt/java/libexec/openjdk.jdk/Contents/Home/lib/src.zip!/java.management.rmi" type="simple" />
            <root url="jar:///opt/homebrew/opt/java/libexec/openjdk.jdk/Contents/Home/lib/src.zip!/java.transaction.xa" type="simple" />
            <root url="jar:///opt/homebrew/opt/java/libexec/openjdk.jdk/Contents/Home/lib/src.zip!/jdk.crypto.cryptoki" type="simple" />
            <root url="jar:///opt/homebrew/opt/java/libexec/openjdk.jdk/Contents/Home/lib/src.zip!/jdk.incubator.vector" type="simple" />
            <root url="jar:///opt/homebrew/opt/java/libexec/openjdk.jdk/Contents/Home/lib/src.zip!/jdk.internal.jvmstat" type="simple" />
            <root url="jar:///opt/homebrew/opt/java/libexec/openjdk.jdk/Contents/Home/lib/src.zip!/jdk.management.agent" type="simple" />
            <root url="jar:///opt/homebrew/opt/java/libexec/openjdk.jdk/Contents/Home/lib/src.zip!/jdk.unsupported.desktop" type="simple" />
            <root url="jar:///opt/homebrew/opt/java/libexec/openjdk.jdk/Contents/Home/lib/src.zip!/jdk.graal.compiler.management" type="simple" />
          </root>
        </sourcePath>
      </roots>
    </jdk>
  </component>
</application>