<application>
  <component name="ProjectManager">
    <defaultProject>
      <component name="ProjectViewState">
        <option name="hideEmptyMiddlePackages" value="true" />
        <option name="showLibraryContents" value="true" />
      </component>
      <component name="WindowStateProjectService">
        <state x="629" y="267" key="#com.intellij.openapi.updateSettings.impl.PluginUpdateInfoDialog" timestamp="1751201958290">
          <screen x="0" y="25" width="3840" height="1468" />
        </state>
        <state x="629" y="267" key="#com.intellij.openapi.updateSettings.impl.PluginUpdateInfoDialog/-3008.25.3008.1667/0.25.3840.1468" timestamp="1751201958290" />
      </component>
    </defaultProject>
  </component>
</application>