<application>
  <component name="CachedDictionaryState">
    <words>
      <w>adid</w>
      <w>aead</w>
      <w>anyopaque</w>
      <w>autorenewing</w>
      <w>bangify</w>
      <w>benchee</w>
      <w>biqquery</w>
      <w>blurhash</w>
      <w>cachex</w>
      <w>calendarv1</w>
      <w>cdn</w>
      <w>coachmark</w>
      <w>coachmarks</w>
      <w>colorspace</w>
      <w>colspan</w>
      <w>cstring</w>
      <w>ctxt</w>
      <w>dau</w>
      <w>daus</w>
      <w>deinit</w>
      <w>doesn</w>
      <w>dtor</w>
      <w>fav</w>
      <w>feriae</w>
      <w>fieldset</w>
      <w>figcaption</w>
      <w>haffer</w>
      <w>ingddeffxxx</w>
      <w>interkom</w>
      <w>iptrie</w>
      <w>jsoneditor</w>
      <w>libcluster</w>
      <w>meilisearch</w>
      <w>minmax</w>
      <w>oaep</w>
      <w>oghtml</w>
      <w>onsen's</w>
      <w>oob</w>
      <w>pkcs</w>
      <w>processlisteventv2</w>
      <w>rcrypto</w>
      <w>reinvite</w>
      <w>resumable</w>
      <w>retryable</w>
      <w>sharee</w>
      <w>sjr</w>
      <w>smartcrop</w>
      <w>speacker</w>
      <w>sublists</w>
      <w>superlistapp</w>
      <w>svgload</w>
      <w>tabindex</w>
      <w>tabledata</w>
      <w>tbody</w>
      <w>thead</w>
      <w>transitionend</w>
      <w>twirp</w>
      <w>uint</w>
      <w>ulid</w>
      <w>uncached</w>
      <w>unprocessable</w>
      <w>valueof</w>
      <w>vix</w>
      <w>zlib</w>
      <w>zstd</w>
    </words>
  </component>
</application>