<application>
  <component name="Trusted.Paths">
    <option name="TRUSTED_PROJECT_PATHS">
      <map>
        <entry key="$USER_HOME$/Desktop/Superlist-Overrides/app.superlist.com" value="true" />
        <entry key="$USER_HOME$/Documents/core-service" value="true" />
        <entry key="$USER_HOME$/Documents/insights" value="true" />
        <entry key="$USER_HOME$/Documents/spitch_common_ex" value="true" />
        <entry key="$USER_HOME$/Documents/spitch_rpc_client_ex" value="true" />
        <entry key="$USER_HOME$/Downloads/drift-develop" value="true" />
        <entry key="$USER_HOME$/Downloads/elixir-challenges-main" value="true" />
        <entry key="$USER_HOME$/Downloads/elixir-challenges-main-2" value="true" />
        <entry key="$USER_HOME$/Downloads/elixir-challenges-main-3" value="true" />
        <entry key="$USER_HOME$/Downloads/elixir-challenges-main-4" value="true" />
        <entry key="$USER_HOME$/Downloads/oleg" value="true" />
        <entry key="$USER_HOME$/Downloads/plug_challenge" value="true" />
        <entry key="$USER_HOME$/Downloads/superlist" value="true" />
        <entry key="$USER_HOME$/Downloads/task_challenge" value="true" />
        <entry key="$USER_HOME$/Downloads/task_challenge-master" value="true" />
        <entry key="$USER_HOME$/Downloads/test-mongodb" value="true" />
        <entry key="$USER_HOME$/Downloads/web_socket_channel-2.4.3" value="true" />
        <entry key="$USER_HOME$/projects/ansible" value="true" />
        <entry key="$USER_HOME$/projects/blog" value="true" />
        <entry key="$USER_HOME$/projects/dart" value="true" />
        <entry key="$USER_HOME$/projects/dart/cli" value="true" />
        <entry key="$USER_HOME$/projects/dart/onsen-client" value="true" />
        <entry key="$USER_HOME$/projects/dart/onsen-sdk" value="true" />
        <entry key="$USER_HOME$/projects/dart/onsen_client" value="true" />
        <entry key="$USER_HOME$/projects/dart/phoenix-socket-dart" value="true" />
        <entry key="$USER_HOME$/projects/dart/phoenix_wings" value="true" />
        <entry key="$USER_HOME$/projects/dotfiles" value="true" />
        <entry key="$USER_HOME$/projects/elixir/bamboo" value="true" />
        <entry key="$USER_HOME$/projects/elixir/bandit" value="true" />
        <entry key="$USER_HOME$/projects/elixir/binary_ws" value="true" />
        <entry key="$USER_HOME$/projects/elixir/bucket" value="true" />
        <entry key="$USER_HOME$/projects/elixir/connect" value="true" />
        <entry key="$USER_HOME$/projects/elixir/db_connection" value="true" />
        <entry key="$USER_HOME$/projects/elixir/delta_crdt_ex" value="true" />
        <entry key="$USER_HOME$/projects/elixir/dns_cluster" value="true" />
        <entry key="$USER_HOME$/projects/elixir/ecto" value="true" />
        <entry key="$USER_HOME$/projects/elixir/ecto_sql" value="true" />
        <entry key="$USER_HOME$/projects/elixir/elixir-mongodb" value="true" />
        <entry key="$USER_HOME$/projects/elixir/elixir-mongodb-driver" value="true" />
        <entry key="$USER_HOME$/projects/elixir/feriae" value="true" />
        <entry key="$USER_HOME$/projects/elixir/file_server" value="true" />
        <entry key="$USER_HOME$/projects/elixir/google-certs" value="true" />
        <entry key="$USER_HOME$/projects/elixir/goth" value="true" />
        <entry key="$USER_HOME$/projects/elixir/hello" value="true" />
        <entry key="$USER_HOME$/projects/elixir/hello2" value="true" />
        <entry key="$USER_HOME$/projects/elixir/hello_world" value="true" />
        <entry key="$USER_HOME$/projects/elixir/horde" value="true" />
        <entry key="$USER_HOME$/projects/elixir/infer" value="true" />
        <entry key="$USER_HOME$/projects/elixir/insights" value="true" />
        <entry key="$USER_HOME$/projects/elixir/live_beats" value="true" />
        <entry key="$USER_HOME$/projects/elixir/livebook" value="true" />
        <entry key="$USER_HOME$/projects/elixir/lvn_tutorial" value="true" />
        <entry key="$USER_HOME$/projects/elixir/mcp_sse" value="true" />
        <entry key="$USER_HOME$/projects/elixir/mig_test" value="true" />
        <entry key="$USER_HOME$/projects/elixir/migration_test" value="true" />
        <entry key="$USER_HOME$/projects/elixir/mongito" value="true" />
        <entry key="$USER_HOME$/projects/elixir/oaep_sha256" value="true" />
        <entry key="$USER_HOME$/projects/elixir/phoenix" value="true" />
        <entry key="$USER_HOME$/projects/elixir/phoenix_client" value="true" />
        <entry key="$USER_HOME$/projects/elixir/phoenix_live_view" value="true" />
        <entry key="$USER_HOME$/projects/elixir/plug" value="true" />
        <entry key="$USER_HOME$/projects/elixir/protobuf" value="true" />
        <entry key="$USER_HOME$/projects/elixir/semver" value="true" />
        <entry key="$USER_HOME$/projects/elixir/stream_reset" value="true" />
        <entry key="$USER_HOME$/projects/elixir/stream_reset_bug" value="true" />
        <entry key="$USER_HOME$/projects/elixir/superlist" value="true" />
        <entry key="$USER_HOME$/projects/elixir/thousand_island" value="true" />
        <entry key="$USER_HOME$/projects/elixir/twomillioncheckboxes" value="true" />
        <entry key="$USER_HOME$/projects/elixir/vix" value="true" />
        <entry key="$USER_HOME$/projects/elixir/whatsapp_flow_crypto" value="true" />
        <entry key="$USER_HOME$/projects/elixir/zig_demo" value="true" />
        <entry key="$USER_HOME$/projects/flutter/Onsen-Client" value="true" />
        <entry key="$USER_HOME$/projects/flutter/flutterfire" value="true" />
        <entry key="$USER_HOME$/projects/flutter/phoenix-socket-dart" value="true" />
        <entry key="$USER_HOME$/projects/flutter/phoenix-socket-dart-old" value="true" />
        <entry key="$USER_HOME$/projects/flutter/web_socket_channel" value="true" />
        <entry key="$USER_HOME$/projects/generator" value="true" />
        <entry key="$USER_HOME$/projects/golang/firebase-admin-go" value="true" />
        <entry key="$USER_HOME$/projects/jsr-marl" value="true" />
        <entry key="$USER_HOME$/projects/original/blog" value="true" />
        <entry key="$USER_HOME$/projects/rust/dungeoncrawl" value="true" />
        <entry key="$USER_HOME$/projects/rust/file_client" value="true" />
        <entry key="$USER_HOME$/projects/rust/flappy" value="true" />
        <entry key="$USER_HOME$/projects/rust/hello" value="true" />
        <entry key="$USER_HOME$/projects/rust/rust-x-arduino" value="true" />
        <entry key="$USER_HOME$/projects/rust/wasm-game-of-life" value="true" />
        <entry key="$USER_HOME$/projects/sjr" value="true" />
        <entry key="$USER_HOME$/projects/sjr_marl" value="true" />
        <entry key="$USER_HOME$/projects/superlist/access-denied-messages" value="true" />
        <entry key="$USER_HOME$/projects/superlist/api-key-html" value="true" />
        <entry key="$USER_HOME$/projects/superlist/app.superlist.com" value="true" />
        <entry key="$USER_HOME$/projects/superlist/binary-websockets" value="true" />
        <entry key="$USER_HOME$/projects/superlist/broken-upgrade-screen" value="true" />
        <entry key="$USER_HOME$/projects/superlist/connect.superlist.com" value="true" />
        <entry key="$USER_HOME$/projects/superlist/delta-elixir" value="true" />
        <entry key="$USER_HOME$/projects/superlist/demo" value="true" />
        <entry key="$USER_HOME$/projects/superlist/doc2sql" value="true" />
        <entry key="$USER_HOME$/projects/superlist/elixir-challenges" value="true" />
        <entry key="$USER_HOME$/projects/superlist/elixir-challenges/plug_challenge" value="true" />
        <entry key="$USER_HOME$/projects/superlist/elixir-challenges/task_challenge" value="true" />
        <entry key="$USER_HOME$/projects/superlist/elixir-challenges/websockets_challenge" value="true" />
        <entry key="$USER_HOME$/projects/superlist/ex_speechly" value="true" />
        <entry key="$USER_HOME$/projects/superlist/f1-load-tests" value="true" />
        <entry key="$USER_HOME$/projects/superlist/fcm_client" value="true" />
        <entry key="$USER_HOME$/projects/superlist/foundation_ex" value="true" />
        <entry key="$USER_HOME$/projects/superlist/goth" value="true" />
        <entry key="$USER_HOME$/projects/superlist/insights" value="true" />
        <entry key="$USER_HOME$/projects/superlist/instock" value="true" />
        <entry key="$USER_HOME$/projects/superlist/integration-gmail" value="true" />
        <entry key="$USER_HOME$/projects/superlist/k6-load-tests" value="true" />
        <entry key="$USER_HOME$/projects/superlist/kubernetes-cluster-config" value="true" />
        <entry key="$USER_HOME$/projects/superlist/live_asks" value="true" />
        <entry key="$USER_HOME$/projects/superlist/loadtest" value="true" />
        <entry key="$USER_HOME$/projects/superlist/local-deployment" value="true" />
        <entry key="$USER_HOME$/projects/superlist/mailgun-templates" value="true" />
        <entry key="$USER_HOME$/projects/superlist/meilisearch-kubernetes" value="true" />
        <entry key="$USER_HOME$/projects/superlist/new-destination-module" value="true" />
        <entry key="$USER_HOME$/projects/superlist/no-more" value="true" />
        <entry key="$USER_HOME$/projects/superlist/offline-mode" value="true" />
        <entry key="$USER_HOME$/projects/superlist/onsen" value="true" />
        <entry key="$USER_HOME$/projects/superlist/onsen-liveview" value="true" />
        <entry key="$USER_HOME$/projects/superlist/ownership" value="true" />
        <entry key="$USER_HOME$/projects/superlist/paywall" value="true" />
        <entry key="$USER_HOME$/projects/superlist/playground" value="true" />
        <entry key="$USER_HOME$/projects/superlist/protobuffer" value="true" />
        <entry key="$USER_HOME$/projects/superlist/realtime_server" value="true" />
        <entry key="$USER_HOME$/projects/superlist/refactor-access" value="true" />
        <entry key="$USER_HOME$/projects/superlist/replace-access-config" value="true" />
        <entry key="$USER_HOME$/projects/superlist/superlist" value="true" />
        <entry key="$USER_HOME$/projects/superlist/superlist-terraform" value="true" />
        <entry key="$USER_HOME$/projects/superlist/superlistweb" value="true" />
        <entry key="$USER_HOME$/projects/superlist/superpowers" value="true" />
        <entry key="$USER_HOME$/projects/superlist/team-subscription" value="true" />
        <entry key="$USER_HOME$/projects/superlist/twirp-elixir" value="true" />
        <entry key="$USER_HOME$/projects/superlist/webclient" value="true" />
        <entry key="$USER_HOME$/projects/tailpages" value="true" />
        <entry key="$USER_HOME$/projects/zig/hello-world" value="true" />
        <entry key="$USER_HOME$/projects/zig/rc" value="true" />
        <entry key="$USER_HOME$/projects/zookzook.github.io" value="true" />
        <entry key="$USER_HOME$/work/mongo_test" value="true" />
        <entry key="/private/tmp/elixir-mongodb-driver" value="true" />
        <entry key="/private/tmp/killme/hello" value="true" />
        <entry key="/private/tmp/my_app" value="true" />
      </map>
    </option>
  </component>
</application>