<application>
  <component name="DimensionService">
    <location key="find.popup.0.0.3840.1600@120dpi" x="53" y="175" />
    <location key="find.popup.-6016.0.6016.3384@240dpi" x="-5932" y="390" />
    <location key="find.popup.0.0.3456.2234@240dpi" x="48" y="284" />
    <size key="find.popup.0.0.3840.1600@120dpi" width="788" height="682" />
    <size key="GridCell.Tab.0.left.0.0.3840.1600@120dpi" width="2650" height="427" />
    <size key="GridCell.Tab.0.center.0.0.3840.1600@120dpi" width="2650" height="427" />
    <size key="GridCell.Tab.0.right.0.0.3840.1600@120dpi" width="2650" height="427" />
    <size key="GridCell.Tab.0.bottom.0.0.3840.1600@120dpi" width="2650" height="427" />
    <size key="find.popup.-6016.0.6016.3384@240dpi" width="4260" height="2436" />
    <size key="find.popup.0.0.3456.2234@240dpi" width="1576" height="1364" />
    <size key="GridCell.Tab.0.left.0.0.3456.2234@240dpi" width="3252" height="826" />
    <size key="GridCell.Tab.0.center.0.0.3456.2234@240dpi" width="3252" height="826" />
    <size key="GridCell.Tab.0.right.0.0.3456.2234@240dpi" width="3252" height="826" />
    <size key="GridCell.Tab.0.bottom.0.0.3456.2234@240dpi" width="3252" height="826" />
  </component>
  <component name="WindowManager">
    <frame x="54" y="39" width="2752" height="1453" />
  </component>
  <component name="WindowStateApplicationService">
    <state width="668" height="741" key="ShowUsagesActions.dimensionServiceKey" timestamp="1754990438852">
      <screen x="0" y="25" width="3840" height="1468" />
    </state>
    <state width="667" height="533" key="ShowUsagesActions.dimensionServiceKey/-3008.25.3008.1667/0.25.3840.1470" timestamp="1751875543714" />
    <state width="759" height="235" key="ShowUsagesActions.dimensionServiceKey/-3008.25.3008.1667/0.25.3840.1472" timestamp="1749131901197" />
    <state width="759" height="235" key="ShowUsagesActions.dimensionServiceKey/-3008.25.3008.1667/0.25.3840.1474" timestamp="1747118470092" />
    <state width="668" height="741" key="ShowUsagesActions.dimensionServiceKey/0.25.3840.1468/-3008.25.3008.1667" timestamp="1754990438852" />
    <state width="584" height="203" key="ShowUsagesActions.dimensionServiceKey/0.25.3840.1470/-3008.25.3008.1667" timestamp="1746612100821" />
    <state width="668" height="743" key="ShowUsagesActions.dimensionServiceKey/0.25.3840.1472/-3008.25.3008.1667" timestamp="1753357368902" />
    <state x="1919" y="710" width="2223" height="1174" key="WELCOME_SCREEN" timestamp="1754730486118">
      <screen x="0" y="25" width="3840" height="1470" />
    </state>
    <state x="4928" y="736" width="1742" height="1331" key="WELCOME_SCREEN/-1728.38.1728.1079/0.25.3008.1667/3008.25.3840.1470" timestamp="1750919561839" />
    <state x="1919" y="709" width="2223" height="1172" key="WELCOME_SCREEN/-3008.25.3008.1667/0.25.3840.1468" timestamp="1751202027588" />
    <state x="1919" y="710" width="2223" height="1173" key="WELCOME_SCREEN/-3008.25.3008.1667/0.25.3840.1470" timestamp="1752042162383" />
    <state x="1919" y="711" width="2223" height="1176" key="WELCOME_SCREEN/-3008.25.3008.1667/0.25.3840.1472" timestamp="1751953976156" />
    <state x="1919" y="713" width="2223" height="1178" key="WELCOME_SCREEN/-3008.25.3008.1667/0.25.3840.1475" timestamp="1747399478694" />
    <state x="1919" y="714" width="2223" height="1180" key="WELCOME_SCREEN/-4736.38.1728.1079/-3008.25.3008.1667/0.25.3840.1477" timestamp="1749136762613" />
    <state x="1919" y="710" width="2225" height="1176" key="WELCOME_SCREEN/0.25.3840.1468/-3008.25.3008.1667" timestamp="1754560917679" />
    <state x="1919" y="710" width="2223" height="1174" key="WELCOME_SCREEN/0.25.3840.1470/-3008.25.3008.1667" timestamp="1754730486118" />
    <state x="1919" y="711" width="2223" height="1175" key="WELCOME_SCREEN/0.25.3840.1472/-3008.25.3008.1667" timestamp="1753361176948" />
    <state x="1919" y="712" width="2223" height="1178" key="WELCOME_SCREEN/0.25.3840.1474/-3008.25.3008.1667" timestamp="1753478688460" />
    <state x="863" y="515" width="1001" height="819" key="WELCOME_SCREEN/0.38.1728.1023" timestamp="1752843004058" />
    <state x="863" y="515" width="1001" height="819" key="WELCOME_SCREEN/0.38.1728.1024" timestamp="1753284595369" />
    <state x="934" y="157" key="find.popup" timestamp="1749383857125">
      <screen x="0" y="25" width="3840" height="1470" />
    </state>
    <state x="934" y="157" key="find.popup/-3008.25.3008.1667/0.25.3840.1470" timestamp="1749383857125" />
  </component>
</application>