<application>
  <component name="ZLSInstallations">
    <option name="zlsInstallations">
      <map>
        <entry key="41ebeee4-8f26-47a7-99c6-64d5ce504d1a">
          <value>
            <Ref path="$USER_HOME$/projects/zig/zls/zig-out/bin/zls" name="ZLS 0.15.0-dev.377+f510075b" />
          </value>
        </entry>
        <entry key="597dda03-0bf2-4924-8911-e0cc81da1728">
          <value>
            <Ref path="$USER_HOME$/Library/zls/0.14.0/zls" name="ZLS 0.14.0" />
          </value>
        </entry>
      </map>
    </option>
  </component>
  <component name="ZigToolchainList">
    <option name="toolchains">
      <map>
        <entry key="0094ba90-2a1d-49cf-af23-5071ce42c699">
          <value>
            <Ref marker="local">
              <option name="data">
                <map>
                  <entry key="location" value="/opt/homebrew/bin" />
                  <entry key="name" value="Zig 0.15.1" />
                </map>
              </option>
              <option name="extraData">
                <map>
                  <entry key="zls_uuid" value="41ebeee4-8f26-47a7-99c6-64d5ce504d1a" />
                </map>
              </option>
            </Ref>
          </value>
        </entry>
        <entry key="2a9a9682-5c42-47bf-8052-d83035f322ed">
          <value>
            <Ref marker="local">
              <option name="data">
                <map>
                  <entry key="location" value="/opt/homebrew/bin" />
                  <entry key="name" value="Zig 0.14.1" />
                </map>
              </option>
            </Ref>
          </value>
        </entry>
      </map>
    </option>
  </component>
</application>